customer_id,Number_of_transactions,Number of Products,amount_spent,Approved,Cancelled
1,11,11,9084.45,11,0
10,6,6,7067.83,6,0
100,2,2,2748.2,2,0
1000,9,9,10183.7,9,0
1001,7,7,6233.51,7,0
1002,4,4,5038.32,4,0
1003,9,7,9111.19,9,0
1004,6,6,8437.87,6,0
1005,5,5,7863.76,5,0
1006,8,8,9481.25,8,0
1007,7,7,8532.46,7,0
1008,4,4,5409.6900000000005,4,0
1009,5,5,5787.36,5,0
101,4,4,4309.82,4,0
1010,4,4,2816.75,4,0
1011,3,3,3940.1800000000003,3,0
1012,4,4,5094.62,4,0
1013,6,6,7207.57,6,0
1014,7,7,6269.75,7,0
1015,6,5,7096.79,6,0
1016,6,6,5697.8,6,0
1017,3,3,5234.68,3,0
1018,5,4,6164.88,5,0
1019,5,5,5805.35,4,1
102,7,7,6659.22,7,0
1020,4,3,4075.21,4,0
1021,8,8,9624.45,8,0
1022,5,5,8161.4,5,0
1023,2,2,1579.3899999999999,2,0
1024,8,8,9592.029999999999,8,0
1025,8,7,8141.29,8,0
1026,7,7,5413.76,7,0
1027,6,5,6580.15,6,0
1028,7,6,12001.41,7,0
1029,6,6,6223.08,6,0
103,5,5,4909.84,5,0
1030,8,7,10951.8,8,0
1031,3,3,2352.9300000000003,2,1
1032,8,8,6902.84,8,0
1033,9,8,12744.87,9,0
1034,2,2,1819.46,2,0
1035,3,3,1327.0600000000002,3,0
1036,5,5,7125.26,5,0
1037,8,8,6925.18,7,1
1038,4,4,6144.11,4,0
1039,7,6,9522.77,7,0
104,9,9,8985.64,9,0
1040,4,4,4072.65,4,0
1041,4,4,4271.03,4,0
1042,3,3,4585.77,3,0
1043,10,9,14313.43,9,1
1044,5,5,4616.29,5,0
1045,3,3,4405.6,3,0
1046,5,5,3846.1,5,0
1047,8,8,6874.87,8,0
1048,7,6,6677.74,6,1
1049,10,10,11130.050000000001,10,0
105,4,4,6234.35,4,0
1050,6,6,4722.12,6,0
1051,5,4,4878.8099999999995,5,0
1052,6,5,8478.41,6,0
1053,3,3,3482.79,3,0
1054,8,8,8433.75,8,0
1055,2,2,924.06,2,0
1056,7,6,7920.27,7,0
1057,4,4,5663.77,4,0
1058,3,3,2308.7200000000003,3,0
1059,2,2,2449.81,2,0
106,3,3,2906.16,3,0
1060,6,5,9606.77,6,0
1061,6,6,4056.76,6,0
1062,6,6,7619.47,6,0
1063,6,6,5833.22,6,0
1064,3,3,5404.67,3,0
1065,6,6,4709.66,6,0
1066,3,3,2637.5299999999997,3,0
1067,2,2,1854.93,2,0
1068,14,13,14254.55,14,0
1069,5,5,6910.5,5,0
107,4,3,3345.1000000000004,4,0
1070,4,4,5754.66,4,0
1071,6,6,7958.68,6,0
1072,3,3,3697.58,3,0
1073,6,6,6454.889999999999,6,0
1074,8,6,9370.01,8,0
1075,7,6,6623.97,7,0
1076,12,12,14390.1,12,0
1077,6,6,6570.4400000000005,6,0
1078,6,6,5117.1,6,0
1079,4,4,3829.1099999999997,4,0
108,3,3,3556.66,3,0
1080,3,3,3133.43,3,0
1081,5,5,6119.719999999999,5,0
1082,5,5,4492.05,5,0
1083,2,2,2418.19,2,0
1084,11,10,11437.050000000001,10,1
1085,4,4,2487.7000000000003,4,0
1086,9,9,8640.220000000001,9,0
1087,3,3,3535.79,3,0
1088,6,6,6230.39,6,0
1089,7,7,6202.85,7,0
109,10,9,10661.51,10,0
1090,7,7,5882.43,7,0
1091,11,11,10303.810000000001,11,0
1092,5,5,4893.719999999999,5,0
1093,9,9,12492.4,9,0
1094,7,7,7255.12,7,0
1095,4,3,6916.039999999999,4,0
1096,5,3,3865.37,5,0
1097,4,4,4367.8099999999995,4,0
1098,8,8,7594.29,8,0
1099,2,2,1248.96,2,0
11,6,5,6779.4400000000005,6,0
110,7,7,7788.71,7,0
1100,3,3,2767.35,3,0
1101,5,3,6377.620000000001,5,0
1102,8,8,8832.98,8,0
1103,12,11,15447.92,12,0
1104,7,7,6458.3,7,0
1105,2,2,3965.4399999999996,2,0
1106,9,8,11078.470000000001,9,0
1107,6,4,4394.39,6,0
1108,4,4,1790.0,4,0
1109,3,3,2411.02,3,0
111,4,4,4873.0599999999995,4,0
1110,6,6,7310.36,6,0
1111,7,7,6922.7,7,0
1112,3,3,3589.44,3,0
1113,9,9,10999.37,9,0
1114,4,4,4156.4,4,0
1115,9,6,9270.03,9,0
1116,3,3,4932.34,3,0
1117,10,8,8604.73,9,1
1118,4,4,3365.19,4,0
1119,7,6,11866.59,6,1
112,6,6,9059.89,6,0
1120,6,6,5386.26,6,0
1121,2,2,2973.36,2,0
1122,5,5,4714.81,5,0
1123,5,5,6742.5,5,0
1124,3,3,3731.08,3,0
1125,5,5,3793.5699999999997,5,0
1126,4,4,4725.4400000000005,4,0
1127,4,4,5261.43,4,0
1128,5,5,5855.4400000000005,5,0
1129,13,12,18349.27,13,0
113,6,5,5412.969999999999,5,1
1130,5,5,6301.28,5,0
1131,8,8,10787.84,8,0
1132,9,9,10548.14,9,0
1133,7,7,9050.01,7,0
1134,7,7,6797.39,6,1
1135,3,3,3530.65,3,0
1136,6,4,5600.86,6,0
1137,9,9,8092.31,9,0
1138,6,6,7506.16,6,0
1139,4,4,3684.36,4,0
114,4,4,3233.0,4,0
1140,13,13,16199.24,13,0
1141,5,4,4507.79,5,0
1142,4,4,4828.39,4,0
1143,5,5,7112.88,5,0
1144,7,5,9425.65,7,0
1145,2,2,2382.7200000000003,2,0
1146,2,2,2213.67,2,0
1147,6,6,8766.869999999999,6,0
1148,3,3,3426.09,3,0
1149,4,4,5793.360000000001,4,0
115,8,8,8398.18,8,0
1150,5,4,8439.82,5,0
1151,5,5,5819.58,5,0
1152,8,8,9434.77,8,0
1153,5,5,3306.2400000000002,5,0
1154,6,6,3442.7799999999997,6,0
1155,7,6,5342.13,7,0
1156,4,4,5965.4400000000005,4,0
1157,7,7,7726.53,7,0
1158,7,7,9091.98,6,1
1159,4,4,5803.34,4,0
116,8,8,5663.92,8,0
1160,3,3,3192.0099999999998,3,0
1161,4,4,4151.98,4,0
1162,4,4,5369.27,4,0
1163,5,2,2853.67,5,0
1164,3,3,2164.22,3,0
1165,9,6,6796.88,9,0
1166,6,5,7638.8,6,0
1167,4,4,4106.64,4,0
1168,7,7,10263.16,7,0
1169,7,7,7605.57,7,0
117,10,10,12856.83,10,0
1170,5,5,6345.1,5,0
1171,9,9,9811.45,9,0
1172,6,6,7200.46,6,0
1173,3,3,2042.9699999999998,3,0
1174,3,3,3466.9300000000003,3,0
1175,2,2,2449.24,2,0
1176,4,4,3909.54,4,0
1177,8,8,8367.47,8,0
1178,8,8,10226.15,8,0
1179,4,4,6441.950000000001,4,0
118,5,5,5319.51,5,0
1180,4,4,3870.83,4,0
1181,10,10,9928.33,10,0
1182,8,7,9588.19,8,0
1183,5,5,7060.07,5,0
1184,6,6,7155.030000000001,6,0
1185,3,3,1957.15,3,0
1186,6,6,5299.35,4,2
1187,4,4,2382.42,4,0
1188,2,2,3043.9,2,0
1189,4,4,2894.1,4,0
119,4,4,5217.66,4,0
1190,6,6,4050.13,6,0
1191,8,8,6925.33,8,0
1192,5,5,4306.09,5,0
1193,4,4,4694.62,4,0
1194,8,7,7829.33,8,0
1195,5,5,5178.38,5,0
1196,6,6,5307.82,6,0
1197,4,4,4455.89,4,0
1198,6,6,6397.58,6,0
1199,8,8,6090.45,8,0
12,7,6,6394.21,7,0
120,3,3,3118.34,3,0
1200,9,7,7735.860000000001,9,0
1201,3,3,2329.42,3,0
1202,3,3,4231.33,3,0
1203,1,1,1036.59,1,0
1204,3,3,2461.46,3,0
1205,9,8,11055.76,8,1
1206,2,2,3229.76,2,0
1207,7,7,4099.09,7,0
1208,5,5,6789.07,5,0
1209,2,2,2368.55,2,0
121,4,4,4327.44,4,0
1210,9,9,10302.32,9,0
1211,4,4,2677.25,4,0
1212,3,3,3843.34,3,0
1213,7,6,8448.45,7,0
1214,4,3,4251.7,4,0
1215,8,8,7611.6,8,0
1216,4,4,3354.53,3,1
1217,7,6,8001.530000000001,7,0
1218,6,6,8266.59,6,0
1219,3,3,3070.27,3,0
122,5,5,6533.389999999999,5,0
1220,5,5,5406.34,5,0
1221,7,5,5309.76,7,0
1222,3,3,2947.03,3,0
1223,8,8,4991.75,8,0
1224,8,7,9722.51,7,1
1225,4,4,5271.6,4,0
1226,5,5,5188.65,5,0
1227,12,11,9340.67,12,0
1228,4,4,3561.17,4,0
1229,9,9,6854.87,9,0
123,4,4,5337.79,4,0
1230,2,2,1824.33,2,0
1231,2,2,2000.5500000000002,2,0
1232,9,9,10746.19,9,0
1233,9,8,11281.31,9,0
1234,8,7,8027.4800000000005,8,0
1235,3,3,4340.25,2,1
1236,5,5,5581.9,4,1
1237,11,9,14112.4,11,0
1238,6,6,3831.42,6,0
1239,7,6,4496.44,7,0
124,7,6,8272.15,7,0
1240,4,4,4634.82,4,0
1241,7,7,7065.74,7,0
1242,3,3,2670.4700000000003,3,0
1243,10,10,11625.08,9,1
1244,5,5,4737.43,5,0
1245,7,7,5886.29,7,0
1246,2,2,2963.46,2,0
1247,4,4,5835.85,4,0
1248,1,1,1661.92,1,0
1249,5,5,6448.09,5,0
125,10,9,7107.32,9,1
1250,10,9,9534.19,10,0
1251,4,4,2360.34,4,0
1252,7,7,9665.09,7,0
1253,4,4,3836.34,4,0
1254,7,7,6791.62,7,0
1255,3,3,1726.6999999999998,3,0
1256,6,6,6083.15,6,0
1257,3,2,2708.91,3,0
1258,8,8,8945.56,8,0
1259,7,7,8470.17,7,0
126,3,3,3448.12,3,0
1260,5,4,3845.9700000000003,5,0
1261,6,6,4878.62,6,0
1262,3,3,4584.04,3,0
1263,6,6,5354.29,6,0
1264,4,4,6000.92,4,0
1265,4,4,4449.86,4,0
1266,2,1,4182.94,2,0
1267,4,3,6352.41,4,0
1268,3,3,3021.9300000000003,3,0
1269,3,3,2962.88,3,0
127,10,10,9949.62,10,0
1270,4,4,3962.16,4,0
1271,2,2,3387.5299999999997,2,0
1272,10,10,12199.83,10,0
1273,3,3,3050.3100000000004,3,0
1274,10,8,7482.33,10,0
1275,6,6,5698.139999999999,6,0
1276,2,2,2585.3,2,0
1277,3,3,2701.3900000000003,3,0
1278,4,4,6559.17,4,0
1279,6,5,6106.63,6,0
128,4,4,3679.75,4,0
1280,4,4,4802.049999999999,4,0
1281,3,3,3403.18,3,0
1282,8,7,10069.949999999999,8,0
1283,2,2,2964.4,2,0
1284,3,3,418.80999999999995,3,0
1285,8,7,11638.83,8,0
1286,7,7,6400.92,7,0
1287,7,7,9575.2,7,0
1288,5,5,7824.94,5,0
1289,6,6,5578.72,6,0
129,4,4,4090.48,4,0
1290,9,8,11890.97,9,0
1291,7,6,8651.92,7,0
1292,5,5,6404.32,5,0
1293,5,5,5896.44,5,0
1294,3,3,1722.97,3,0
1295,7,7,7146.77,7,0
1296,4,4,5977.84,4,0
1297,6,6,6037.48,6,0
1298,5,5,7471.98,5,0
1299,7,6,9845.31,7,0
13,7,6,7734.74,7,0
130,2,2,3340.42,2,0
1300,6,6,9217.35,6,0
1301,8,8,5396.44,8,0
1302,13,12,17035.83,13,0
1303,6,6,7278.72,6,0
1304,6,5,4316.4400000000005,6,0
1305,5,5,4862.79,5,0
1306,6,6,7121.24,6,0
1307,9,8,9888.54,9,0
1308,5,5,7509.25,5,0
1309,4,4,3547.44,4,0
131,6,6,8745.28,6,0
1310,5,3,4177.02,5,0
1311,4,4,6207.49,4,0
1312,4,4,3066.41,4,0
1313,8,8,10174.59,8,0
1314,6,6,6419.91,5,1
1315,8,7,5675.12,8,0
1316,5,5,5704.709999999999,5,0
1317,9,7,15370.81,9,0
1318,7,7,7834.26,7,0
1319,5,4,6649.37,5,0
132,6,6,7365.93,6,0
1320,6,4,4696.18,6,0
1321,7,6,5511.14,7,0
1322,4,4,6024.35,4,0
1323,7,3,3352.15,7,0
1324,7,7,6791.04,6,1
1325,1,1,416.98,1,0
1326,6,6,6384.110000000001,6,0
1327,5,5,5206.27,5,0
1328,7,6,10301.23,7,0
1329,11,10,14818.12,10,1
133,5,5,3164.55,5,0
1330,6,6,8329.24,6,0
1331,10,10,11641.26,10,0
1332,8,8,9213.53,8,0
1333,3,3,3501.9,3,0
1334,2,2,3129.3199999999997,2,0
1335,7,7,7295.27,7,0
1336,6,6,6095.66,6,0
1337,6,6,6160.39,6,0
1338,2,2,1671.8400000000001,2,0
1339,5,5,6447.48,5,0
134,6,6,7170.95,6,0
1340,8,7,7371.42,8,0
1341,4,4,2841.1,4,0
1342,5,5,5550.01,5,0
1343,4,3,4627.96,4,0
1344,3,3,1709.46,3,0
1345,6,6,8121.72,6,0
1346,9,9,10530.7,9,0
1347,6,5,6106.51,6,0
1348,5,5,7592.16,5,0
1349,6,5,4387.99,6,0
135,7,7,6860.46,6,1
1350,2,2,2243.46,2,0
1351,6,6,8020.08,6,0
1352,3,3,2496.04,3,0
1353,9,8,7872.24,9,0
1354,3,3,3170.25,3,0
1355,5,5,5458.110000000001,5,0
1356,6,5,6474.389999999999,6,0
1357,10,9,14010.38,10,0
1358,8,8,8559.16,8,0
1359,2,2,2027.25,2,0
136,8,7,9406.85,8,0
1360,3,3,3476.3199999999997,3,0
1361,7,6,8979.07,7,0
1362,2,2,2948.34,2,0
1363,7,6,7017.55,7,0
1364,5,5,5699.07,5,0
1365,4,4,2346.0800000000004,4,0
1366,5,5,4035.11,5,0
1367,7,6,4991.900000000001,7,0
1368,6,6,6882.69,6,0
1369,4,4,4920.55,4,0
137,5,4,3507.0499999999997,5,0
1370,4,4,3173.01,4,0
1371,4,4,4146.6,4,0
1372,6,6,6444.01,6,0
1374,8,8,11213.68,8,0
1375,5,5,6008.95,5,0
1376,6,6,6902.15,6,0
1377,5,5,5783.17,5,0
1378,6,6,8072.719999999999,6,0
1379,5,5,6509.42,5,0
138,7,7,4927.35,7,0
1380,3,3,4100.01,3,0
1381,5,5,7293.99,5,0
1382,2,2,2998.29,2,0
1383,4,4,4142.55,4,0
1384,6,6,6268.25,6,0
1385,5,5,7432.72,5,0
1386,3,3,3260.21,3,0
1387,1,1,1635.3,1,0
1388,6,6,6237.99,6,0
1389,9,9,10567.12,9,0
139,9,8,10638.89,9,0
1390,9,7,9070.85,9,0
1391,3,3,3611.7799999999997,3,0
1392,3,3,4481.38,3,0
1393,3,3,2847.5,3,0
1394,4,4,4565.360000000001,4,0
1395,3,3,4039.38,3,0
1396,10,9,11434.630000000001,10,0
1397,6,6,7257.49,6,0
1398,7,7,8073.77,7,0
1399,4,4,6034.2,4,0
14,4,4,3593.57,4,0
140,6,6,7649.34,6,0
1400,7,7,9111.93,6,1
1401,4,3,3740.62,4,0
1402,8,7,7968.53,8,0
1403,2,2,1663.42,2,0
1404,10,8,9401.710000000001,10,0
1405,11,7,7668.83,11,0
1406,6,4,4605.35,6,0
1407,9,9,9199.51,9,0
1408,3,3,4975.92,3,0
1409,5,5,6232.56,5,0
141,3,3,4053.9800000000005,3,0
1410,7,5,10217.49,7,0
1411,6,5,8273.8,6,0
1412,4,4,3403.46,4,0
1413,6,6,5581.84,6,0
1414,2,2,1758.44,2,0
1415,4,4,4962.58,4,0
1416,5,3,4467.3,5,0
1417,7,7,9187.68,7,0
1418,7,7,7705.58,7,0
1419,5,5,3385.2400000000002,5,0
142,11,11,12474.74,11,0
1420,5,5,4965.84,5,0
1421,6,6,5452.030000000001,6,0
1422,8,5,7307.18,7,1
1423,6,6,7143.39,6,0
1424,3,3,3560.7,3,0
1425,4,4,4470.96,4,0
1426,7,7,5955.06,7,0
1427,6,5,6354.3,6,0
1428,10,8,11559.73,10,0
1429,7,6,5046.72,7,0
143,4,4,4689.21,4,0
1430,6,6,5159.71,6,0
1431,4,4,3180.44,4,0
1432,6,5,5329.7300000000005,6,0
1433,3,3,4030.1099999999997,3,0
1434,2,2,2016.27,2,0
1435,7,7,8853.71,7,0
1436,5,5,5911.139999999999,5,0
1437,3,3,3495.9300000000003,3,0
1438,11,11,12392.71,11,0
1439,4,4,4947.7300000000005,4,0
144,8,8,8961.14,8,0
1440,6,5,8415.02,6,0
1441,2,2,1628.66,2,0
1442,3,3,2305.03,3,0
1443,10,10,10803.14,10,0
1444,5,5,2497.0699999999997,5,0
1445,6,6,8482.71,6,0
1446,7,7,9653.68,7,0
1447,7,6,8905.630000000001,7,0
1448,1,1,642.31,1,0
1449,6,5,8326.130000000001,6,0
145,7,7,8149.19,7,0
1450,7,6,8942.8,7,0
1451,7,6,7294.32,7,0
1452,5,4,5937.9800000000005,5,0
1453,5,5,6332.4,5,0
1454,5,5,5619.66,4,1
1455,5,5,5089.9,5,0
1456,4,4,1713.83,4,0
1457,7,7,7169.26,7,0
1458,3,3,4366.14,3,0
1459,4,4,5707.43,4,0
146,2,2,1973.29,2,0
1460,8,5,14633.24,8,0
1461,7,7,8475.94,7,0
1462,6,6,5402.17,6,0
1463,5,4,5593.08,5,0
1464,7,7,6447.85,7,0
1465,4,4,3709.83,4,0
1466,3,3,3383.13,3,0
1467,7,7,5883.48,7,0
1468,7,7,7792.76,7,0
1469,6,6,5088.71,6,0
147,6,6,8079.09,6,0
1470,8,6,8783.3,8,0
1471,5,5,5435.15,5,0
1472,7,7,8646.38,7,0
1473,11,10,11098.84,11,0
1474,5,5,5061.36,5,0
1475,8,7,11874.85,8,0
1476,2,2,2055.69,2,0
1477,9,8,9549.97,9,0
1478,8,7,7494.3,8,0
1479,6,6,5371.29,5,1
148,5,5,5808.83,5,0
1480,9,5,7182.38,9,0
1481,9,9,9626.68,9,0
1482,12,12,14366.26,12,0
1483,8,8,7979.17,8,0
1484,5,4,3812.0,5,0
1485,2,2,1871.67,2,0
1486,5,5,4895.26,5,0
1487,2,2,617.38,2,0
1488,2,2,2561.77,2,0
1489,5,5,4051.77,5,0
149,6,6,7091.73,5,1
1490,4,4,4593.42,4,0
1491,3,3,3208.6000000000004,3,0
1492,8,7,11326.9,8,0
1493,10,9,11653.87,10,0
1494,10,10,11747.52,10,0
1495,2,2,1217.97,2,0
1496,5,5,7189.5,5,0
1497,6,5,6257.94,6,0
1498,4,4,4031.87,4,0
1499,5,5,5880.2699999999995,5,0
15,6,6,4923.34,6,0
150,4,4,3630.96,4,0
1500,5,4,7075.5599999999995,5,0
1501,5,5,4317.1,5,0
1502,9,8,11571.9,9,0
1503,10,6,13725.13,10,0
1504,5,5,5266.7,5,0
1505,5,5,6155.87,5,0
1506,10,10,11058.14,10,0
1507,4,4,6661.28,4,0
1508,5,5,5437.08,5,0
1509,3,3,2949.6800000000003,3,0
151,8,8,13047.54,8,0
1510,2,2,2588.77,2,0
1511,8,8,7012.24,8,0
1512,4,4,6281.98,4,0
1513,6,6,5632.32,6,0
1514,7,7,7863.42,7,0
1515,7,7,5844.51,7,0
1516,5,4,5692.96,5,0
1517,11,11,13750.08,11,0
1518,5,5,6263.77,5,0
1519,11,9,9090.05,11,0
152,2,2,2941.37,2,0
1520,4,4,4369.87,4,0
1521,2,2,2287.37,2,0
1522,6,6,6500.01,6,0
1523,3,2,3736.42,3,0
1524,8,7,5784.92,8,0
1525,3,3,2983.65,3,0
1526,6,6,8545.73,6,0
1527,8,8,8695.82,8,0
1528,7,6,7880.17,7,0
1529,1,1,1810.0,1,0
153,7,6,7808.16,7,0
1530,10,10,13634.73,10,0
1531,7,7,7667.54,7,0
1532,6,6,6446.1900000000005,6,0
1533,8,8,7532.76,8,0
1534,7,7,7048.71,7,0
1535,5,5,7008.0599999999995,5,0
1536,4,4,4914.46,4,0
1537,9,9,9589.18,9,0
1538,4,1,891.12,4,0
1539,8,8,6655.98,8,0
154,6,6,3558.31,6,0
1540,6,6,7965.92,6,0
1541,5,5,6311.2,5,0
1542,5,5,5625.49,5,0
1543,3,3,2638.73,3,0
1544,1,1,1057.51,1,0
1545,7,6,6179.73,7,0
1546,7,7,6956.75,7,0
1547,9,9,12870.9,9,0
1548,3,3,2239.69,3,0
1549,7,7,5720.9800000000005,7,0
155,3,3,4008.51,3,0
1550,6,6,5181.85,6,0
1551,7,7,7800.78,7,0
1552,5,5,6945.16,5,0
1553,4,4,4422.05,4,0
1554,7,7,9898.23,7,0
1555,7,7,7885.78,7,0
1556,5,5,6248.45,5,0
1557,7,6,9899.14,7,0
1558,9,8,13587.269999999999,9,0
1559,8,8,11795.54,7,1
156,5,5,4831.58,5,0
1560,3,2,1348.02,3,0
1561,8,8,10601.55,8,0
1562,3,3,4066.11,3,0
1563,4,4,4845.110000000001,4,0
1564,3,3,2983.8,3,0
1565,2,2,3083.23,2,0
1566,4,4,2886.44,4,0
1567,7,7,10643.93,7,0
1568,5,5,7722.0599999999995,5,0
1569,1,1,1466.68,1,0
157,4,4,2541.39,3,1
1570,9,9,9958.95,9,0
1571,4,4,6221.7300000000005,4,0
1572,6,4,10119.88,6,0
1573,4,4,5400.4400000000005,4,0
1574,10,9,9813.75,10,0
1575,4,4,4088.84,4,0
1576,8,8,7956.31,8,0
1577,7,6,7980.92,7,0
1578,7,7,9064.42,7,0
1579,10,10,12087.02,10,0
158,6,6,7221.05,6,0
1580,8,6,7454.8099999999995,8,0
1581,8,8,7922.66,8,0
1582,5,4,5202.889999999999,5,0
1583,4,4,4888.05,4,0
1584,2,2,2749.7200000000003,2,0
1585,8,6,8002.97,8,0
1586,6,5,6104.44,6,0
1587,5,4,4992.59,5,0
1588,7,7,9131.54,7,0
1589,6,4,8549.57,6,0
159,6,6,6016.32,6,0
1590,3,3,5130.389999999999,3,0
1591,12,10,13908.32,12,0
1592,4,4,5703.379999999999,4,0
1593,6,6,7569.45,6,0
1594,6,5,8475.63,5,1
1595,7,7,9792.89,7,0
1596,5,4,5697.98,5,0
1597,12,11,18052.68,12,0
1598,5,5,6297.23,5,0
1599,11,11,8164.88,11,0
16,5,5,7763.79,5,0
160,2,2,3024.58,2,0
1600,9,5,5904.32,9,0
1601,4,4,3901.84,4,0
1602,5,5,6779.29,4,1
1603,4,4,5471.889999999999,4,0
1604,3,3,3311.7200000000003,3,0
1605,3,3,3871.88,3,0
1606,5,5,6270.96,5,0
1607,5,5,4898.71,5,0
1608,3,3,2811.51,3,0
1609,5,5,6259.92,5,0
161,1,1,1148.64,1,0
1610,5,5,6734.610000000001,5,0
1611,12,9,13692.47,12,0
1612,2,2,3904.22,2,0
1613,8,8,6670.94,8,0
1614,7,5,5571.04,7,0
1615,6,6,8856.76,6,0
1616,7,7,10413.51,7,0
1617,5,5,5926.27,5,0
1618,2,2,2033.21,2,0
1619,10,10,11466.11,10,0
162,3,3,3317.47,3,0
1620,2,2,2947.04,2,0
1621,5,5,2804.08,5,0
1622,3,2,1952.29,3,0
1623,6,5,7686.06,6,0
1624,6,6,4424.39,6,0
1625,8,6,12809.369999999999,8,0
1626,2,2,1789.3799999999999,2,0
1627,8,7,10051.58,8,0
1628,2,2,3869.2699999999995,2,0
1629,7,7,8226.210000000001,7,0
163,2,2,3089.24,2,0
1630,3,3,3699.7799999999997,3,0
1631,5,5,5204.3,5,0
1632,2,2,2114.26,2,0
1633,3,3,4623.68,3,0
1634,4,4,3683.93,4,0
1635,4,4,6745.71,4,0
1636,5,5,6065.61,5,0
1637,8,5,7801.63,8,0
1638,4,4,5237.9,4,0
1639,6,6,7481.219999999999,6,0
164,3,3,2583.85,3,0
1640,7,4,5455.04,7,0
1641,9,9,9474.24,9,0
1642,5,5,4353.22,5,0
1643,8,8,9571.34,8,0
1644,7,7,8493.64,7,0
1645,7,6,4521.049999999999,7,0
1646,7,7,7426.27,7,0
1647,7,5,7932.610000000001,7,0
1648,4,3,4946.86,4,0
1649,3,3,4375.29,2,1
165,9,9,9893.75,9,0
1650,5,5,4358.9,5,0
1651,5,5,2070.12,5,0
1652,6,6,7230.45,6,0
1653,5,5,5084.3,5,0
1654,4,4,4021.4700000000003,4,0
1655,3,3,3331.17,3,0
1656,7,7,8201.54,7,0
1657,6,6,5897.3099999999995,6,0
1658,4,4,3729.5499999999997,4,0
1659,7,7,8004.33,7,0
166,8,8,9737.72,8,0
1660,6,6,4480.62,6,0
1661,6,6,8438.94,6,0
1662,5,3,3125.38,5,0
1663,6,6,8093.37,6,0
1664,7,7,8460.32,7,0
1665,8,8,8205.05,8,0
1666,4,4,5256.49,4,0
1667,7,6,9549.75,7,0
1668,6,5,6878.43,6,0
1669,6,6,6940.13,6,0
167,9,8,9888.61,9,0
1670,9,9,8855.96,9,0
1671,4,4,3197.84,4,0
1672,13,12,14908.46,13,0
1673,3,3,1318.28,3,0
1674,5,1,1043.7,5,0
1675,4,4,4572.34,4,0
1676,5,5,6881.58,5,0
1677,8,7,8188.179999999999,8,0
1678,9,7,8841.869999999999,9,0
1679,4,4,5682.89,4,0
168,9,9,10135.25,9,0
1680,3,3,5001.21,3,0
1681,5,5,5956.62,5,0
1682,6,6,10071.44,6,0
1683,9,8,12412.95,9,0
1684,6,6,4309.7,6,0
1685,2,2,1818.98,2,0
1686,10,10,10098.74,10,0
1687,4,4,4032.17,4,0
1688,8,8,8917.130000000001,7,1
1689,5,5,7091.33,5,0
169,3,2,2065.08,3,0
1690,9,9,8042.110000000001,9,0
1691,8,6,7630.41,8,0
1692,5,5,3763.01,5,0
1693,7,5,8716.14,7,0
1694,7,7,7616.63,7,0
1695,5,5,7504.66,5,0
1696,9,9,12254.53,9,0
1697,5,4,6885.15,5,0
1698,8,8,9039.039999999999,8,0
1699,8,8,8291.65,8,0
17,5,5,4676.1900000000005,5,0
170,4,4,4254.31,3,1
1700,7,4,5028.5,7,0
1701,5,3,3664.41,5,0
1702,7,7,5682.53,7,0
1703,4,4,2468.19,4,0
1704,2,2,3009.57,2,0
1705,4,4,5029.5,4,0
1706,8,8,9107.39,8,0
1707,9,6,6986.84,9,0
1708,4,4,6112.64,4,0
1709,5,5,5390.71,5,0
171,9,9,9865.380000000001,9,0
1710,4,3,4067.49,4,0
1711,7,6,6222.5599999999995,7,0
1712,2,2,1953.53,2,0
1713,7,7,9031.89,7,0
1714,6,5,5717.15,6,0
1715,3,3,2616.3199999999997,3,0
1716,2,2,2372.87,2,0
1717,4,4,3349.03,4,0
1718,5,5,4488.2,5,0
1719,5,4,5061.53,5,0
172,8,8,10150.14,8,0
1720,5,5,5561.49,5,0
1721,7,7,8195.2,7,0
1722,9,9,12696.87,9,0
1723,5,5,4943.21,5,0
1724,4,3,2074.23,4,0
1725,8,8,11020.22,7,1
1726,8,8,10471.32,6,2
1727,7,6,7397.04,7,0
1728,7,7,9185.800000000001,7,0
1729,7,5,5273.49,7,0
173,9,8,14061.48,9,0
1730,3,3,3121.3,3,0
1731,11,8,8015.92,11,0
1732,5,5,4804.96,5,0
1733,5,4,4933.33,5,0
1734,2,2,1998.5900000000001,2,0
1735,5,4,5022.08,5,0
1736,6,5,8725.86,6,0
1737,3,3,4477.58,3,0
1738,5,2,3395.26,5,0
1739,4,4,4215.17,4,0
174,10,10,12893.57,10,0
1740,8,8,9327.380000000001,8,0
1741,4,4,5075.22,4,0
1742,6,6,7168.48,6,0
1743,7,7,8615.73,7,0
1744,3,3,1889.09,3,0
1745,12,11,10025.74,12,0
1746,6,5,8448.21,6,0
1747,4,4,2839.33,4,0
1748,10,10,11012.26,10,0
1749,3,3,3909.98,3,0
175,5,5,6008.03,5,0
1750,6,6,7768.64,6,0
1751,4,4,3904.5699999999997,4,0
1752,7,7,5387.53,7,0
1753,4,4,4242.64,4,0
1754,5,5,6904.57,5,0
1755,6,6,6597.55,6,0
1756,3,3,2636.84,3,0
1757,1,1,1228.07,1,0
1758,7,6,4887.03,7,0
1759,6,6,5494.57,6,0
176,5,5,6733.15,5,0
1760,7,5,8150.56,7,0
1761,5,5,5743.1,5,0
1762,12,12,12375.52,11,1
1763,7,7,7841.49,7,0
1764,4,4,3350.1400000000003,4,0
1765,6,6,8083.150000000001,6,0
1766,5,5,3464.7,5,0
1767,5,5,5973.14,5,0
1768,2,2,2428.24,2,0
1769,6,6,5115.5,6,0
177,12,12,11826.34,11,1
1770,7,7,8228.41,7,0
1771,6,6,7019.95,5,1
1772,4,4,4467.889999999999,4,0
1773,11,11,13096.0,11,0
1774,4,4,3792.41,4,0
1775,6,6,6171.379999999999,5,1
1776,7,7,7458.65,7,0
1777,7,7,7648.4400000000005,7,0
1778,2,2,3040.4,2,0
1779,6,6,8886.92,6,0
178,4,4,3504.09,4,0
1780,4,4,4117.57,4,0
1781,4,4,3282.18,4,0
1782,6,6,8490.84,5,1
1783,12,12,11248.25,12,0
1784,4,4,4486.610000000001,4,0
1785,6,6,5294.27,6,0
1786,2,2,1570.1,2,0
1787,6,6,7519.39,6,0
1788,9,8,10584.15,9,0
1789,3,3,3728.3,3,0
179,3,3,3168.84,3,0
1790,5,5,4313.98,5,0
1791,6,6,7479.16,6,0
1792,10,10,9395.76,9,1
1793,6,6,7572.360000000001,6,0
1794,5,5,3869.44,5,0
1795,6,6,6133.57,6,0
1796,2,1,471.26,2,0
1797,11,11,10502.99,11,0
1798,7,6,6605.389999999999,7,0
1799,4,4,4409.38,4,0
18,7,7,8878.62,7,0
180,7,7,7970.57,7,0
1800,4,4,5571.58,4,0
1801,8,7,9112.94,8,0
1802,8,8,10435.94,8,0
1803,7,7,7116.29,7,0
1804,3,2,4740.04,3,0
1805,4,4,2108.15,4,0
1806,8,7,8723.79,8,0
1807,6,5,6829.25,6,0
1808,7,6,10837.15,7,0
1809,6,6,10150.57,6,0
181,6,6,5663.9,6,0
1810,2,1,458.74,2,0
1811,8,8,10112.53,8,0
1812,10,10,10631.380000000001,10,0
1813,6,6,6307.18,6,0
1814,6,6,4848.03,6,0
1815,5,5,4235.58,5,0
1816,5,5,4929.820000000001,4,1
1817,11,8,10054.07,11,0
1818,7,7,8942.78,7,0
1819,2,2,2884.59,2,0
182,7,7,9279.01,7,0
1820,9,9,8429.29,9,0
1821,12,9,14387.59,12,0
1822,5,5,3009.41,5,0
1823,6,6,6635.66,6,0
1824,7,7,7059.410000000001,7,0
1825,6,6,6976.92,6,0
1826,7,6,6983.06,7,0
1827,5,5,6400.31,5,0
1828,3,3,2146.84,3,0
1829,3,3,2868.37,3,0
183,6,6,5947.98,6,0
1830,8,6,8772.89,8,0
1831,8,8,6774.88,8,0
1832,8,8,9260.84,8,0
1833,5,3,4197.33,5,0
1834,4,4,6290.79,4,0
1835,6,6,5273.87,6,0
1836,2,2,2832.71,2,0
1837,7,7,9763.42,7,0
1838,5,5,7121.110000000001,5,0
1839,7,4,5930.82,7,0
184,3,3,3734.88,3,0
1840,7,5,6929.780000000001,7,0
1841,4,4,5805.54,4,0
1842,5,5,6542.54,5,0
1843,4,3,5065.64,4,0
1844,7,7,9198.960000000001,6,1
1845,7,7,9342.199999999999,7,0
1846,1,1,441.49,1,0
1847,3,3,3921.92,3,0
1848,6,5,8432.48,6,0
1849,6,5,7069.03,6,0
185,7,6,9254.279999999999,7,0
1850,7,6,7706.74,7,0
1851,2,2,2498.86,2,0
1852,5,5,7030.610000000001,4,1
1853,9,8,8957.8,9,0
1854,3,3,3384.5600000000004,3,0
1855,4,4,3648.1,4,0
1856,2,2,1134.63,2,0
1857,5,5,7891.88,5,0
1858,8,8,12412.28,8,0
1859,5,5,6599.450000000001,5,0
186,6,5,5550.85,6,0
1860,6,6,7424.78,5,1
1861,6,6,7073.07,5,1
1862,7,6,6966.85,7,0
1863,6,6,8915.48,6,0
1864,11,11,8863.49,11,0
1865,1,1,1071.23,1,0
1866,9,7,12450.76,9,0
1867,8,8,11055.86,8,0
1868,6,6,10105.23,6,0
1869,4,2,3260.59,4,0
187,7,7,6898.79,7,0
1870,7,7,7755.76,7,0
1871,4,4,3787.27,4,0
1872,6,6,6136.51,6,0
1873,4,3,5930.68,4,0
1874,5,4,3958.4700000000003,5,0
1875,6,5,6549.05,6,0
1876,5,2,10115.019999999999,5,0
1877,6,5,4192.3099999999995,6,0
1878,6,6,6231.59,6,0
1879,7,6,5332.889999999999,7,0
188,6,6,5126.07,6,0
1880,5,4,6619.75,5,0
1881,7,7,8559.33,7,0
1882,6,6,5862.02,6,0
1883,3,3,4596.28,3,0
1884,7,7,6672.0,7,0
1885,9,8,10587.23,9,0
1886,4,4,4591.32,4,0
1887,11,9,17133.93,10,1
1888,4,4,5775.32,4,0
1889,5,5,6210.6900000000005,5,0
189,5,5,8633.69,5,0
1890,9,9,10862.91,9,0
1891,7,7,9203.4,7,0
1892,6,4,4803.15,6,0
1893,7,7,7903.94,7,0
1894,4,3,3591.0299999999997,4,0
1895,6,6,2994.17,6,0
1896,3,3,3843.92,3,0
1897,7,6,5120.75,7,0
1898,7,6,9179.48,7,0
1899,5,5,3807.34,5,0
19,3,3,4238.1900000000005,3,0
190,4,4,3083.07,3,1
1900,4,4,3327.94,4,0
1901,7,7,10098.550000000001,7,0
1902,6,6,5864.75,6,0
1903,4,4,6548.94,4,0
1904,3,2,1954.46,3,0
1905,9,9,9595.46,9,0
1906,6,6,5992.34,6,0
1907,4,3,3740.6,4,0
1908,6,6,7578.92,6,0
1909,6,6,5543.2,6,0
191,1,1,1065.03,1,0
1910,3,3,3041.75,3,0
1911,2,2,3156.3599999999997,2,0
1912,9,6,7048.1900000000005,9,0
1913,13,12,8621.87,13,0
1914,8,8,7833.69,8,0
1915,5,5,4749.41,5,0
1916,7,7,7436.05,7,0
1917,7,7,9783.66,7,0
1918,5,5,6735.74,5,0
1919,4,4,3935.23,4,0
192,4,4,3836.29,4,0
1920,2,2,1038.65,2,0
1921,1,1,586.45,1,0
1922,3,3,3352.52,3,0
1923,4,4,3704.94,4,0
1924,3,3,4133.39,3,0
1925,7,7,6617.74,7,0
1926,5,5,7762.71,5,0
1927,5,5,6439.16,5,0
1928,2,2,2219.84,2,0
1929,6,6,3442.2,6,0
193,5,5,7368.36,5,0
1930,5,5,6575.57,5,0
1931,3,3,2218.5,3,0
1932,8,8,12027.439999999999,8,0
1933,9,8,11181.04,9,0
1934,6,6,6431.09,6,0
1935,6,6,6514.44,6,0
1936,8,8,9673.2,8,0
1937,7,7,9338.9,7,0
1938,4,4,5966.86,4,0
1939,2,2,806.18,2,0
194,3,3,4313.530000000001,3,0
1940,4,4,6093.610000000001,4,0
1941,4,4,4645.6900000000005,4,0
1942,8,5,6241.37,8,0
1943,3,3,2075.7799999999997,3,0
1944,6,4,6035.27,6,0
1945,3,3,2551.62,3,0
1946,13,11,11237.380000000001,13,0
1947,9,9,8225.63,9,0
1948,5,4,4266.28,5,0
1949,7,7,8547.61,7,0
195,7,4,12479.46,7,0
1950,9,8,12108.45,9,0
1951,8,8,6977.969999999999,8,0
1952,10,10,7870.0,10,0
1953,7,6,6386.97,7,0
1954,9,9,10028.09,9,0
1955,3,3,3235.83,3,0
1956,4,4,3039.79,4,0
1957,11,11,12822.04,11,0
1958,4,4,2389.99,4,0
1959,8,8,7593.280000000001,8,0
196,8,7,6346.61,8,0
1960,4,4,5914.98,4,0
1961,3,3,4600.360000000001,3,0
1962,2,2,1385.6,2,0
1963,2,2,2683.29,2,0
1964,6,6,8039.19,6,0
1965,5,5,4201.57,5,0
1966,6,3,3660.46,6,0
1967,6,6,7697.1900000000005,6,0
1968,5,5,4664.66,5,0
1969,6,6,6142.67,6,0
197,9,8,8456.02,9,0
1970,8,8,8590.23,8,0
1971,7,7,8998.88,7,0
1972,5,5,5366.41,5,0
1973,4,4,4932.1,4,0
1974,5,4,3780.45,5,0
1975,2,2,661.42,2,0
1976,6,5,6246.07,6,0
1977,4,4,3681.98,4,0
1978,3,3,2048.2599999999998,2,1
1979,5,5,8062.73,5,0
198,9,8,11648.85,9,0
1980,8,8,9465.380000000001,8,0
1981,3,3,4850.6900000000005,3,0
1982,8,6,10897.34,8,0
1983,4,4,5795.41,4,0
1984,7,6,10526.43,7,0
1985,7,7,7022.76,7,0
1986,6,6,4472.25,6,0
1987,4,4,3721.38,3,1
1988,8,6,10687.63,8,0
1989,4,4,5139.46,4,0
199,4,3,4323.860000000001,4,0
1990,9,6,7905.38,8,1
1991,10,10,12813.27,10,0
1992,10,10,14165.05,10,0
1993,9,6,9008.4,9,0
1994,6,6,7273.34,6,0
1995,6,6,5245.66,6,0
1996,7,7,6300.450000000001,7,0
1997,5,5,4713.72,5,0
1998,4,4,5359.34,4,0
1999,7,6,8432.98,7,0
2,3,3,4149.07,3,0
20,4,4,6618.86,4,0
200,9,9,11117.36,9,0
2000,3,3,2951.12,3,0
2001,8,8,10016.79,8,0
2002,3,3,2637.04,3,0
2003,2,2,1821.05,2,0
2004,5,5,6042.51,5,0
2005,6,6,7337.82,6,0
2006,5,5,6192.77,5,0
2007,4,4,6309.450000000001,4,0
2008,7,6,7961.95,6,1
2009,7,7,7073.18,7,0
201,8,8,9167.380000000001,7,1
2010,5,5,5466.66,5,0
2011,3,3,2057.82,3,0
2012,5,4,5492.34,5,0
2013,10,10,9944.76,9,1
2014,7,7,7628.8099999999995,7,0
2015,7,7,8012.0,7,0
2016,6,6,5897.56,6,0
2017,6,6,7420.3099999999995,6,0
2018,7,7,7597.12,7,0
2019,9,9,10876.279999999999,9,0
202,3,3,2511.82,3,0
2020,7,7,8810.74,7,0
2021,2,2,802.88,2,0
2022,5,5,5843.24,5,0
2023,10,9,10149.33,10,0
2024,6,6,5998.77,6,0
2025,4,4,4120.88,4,0
2026,4,4,6109.3,4,0
2027,7,6,6353.8099999999995,7,0
2028,7,7,7274.75,7,0
2029,9,8,6555.91,9,0
203,5,5,4376.26,5,0
2030,4,4,6169.62,4,0
2031,4,4,4477.1900000000005,4,0
2032,2,2,1640.3,2,0
2033,7,7,10152.52,7,0
2034,8,7,9042.36,8,0
2035,4,4,3371.7999999999997,3,1
2036,12,11,10761.29,12,0
2037,4,4,4403.780000000001,4,0
2038,4,4,4230.27,4,0
2039,5,5,5594.110000000001,4,1
204,8,8,11444.0,8,0
2040,2,2,3028.8900000000003,2,0
2041,6,6,7729.64,6,0
2042,3,3,4170.51,3,0
2043,5,4,6704.41,5,0
2044,5,5,7468.57,5,0
2045,9,7,9255.03,8,1
2046,9,8,13347.529999999999,9,0
2047,2,2,3132.77,2,0
2048,7,6,8820.57,6,1
2049,6,6,7403.76,5,1
205,9,9,6904.88,9,0
2050,4,4,4483.5,4,0
2051,6,6,7376.93,6,0
2052,9,9,7052.08,9,0
2053,6,6,7727.0,6,0
2054,4,4,5248.59,4,0
2055,9,9,12172.04,9,0
2056,2,2,1829.4899999999998,2,0
2057,6,6,6889.26,6,0
2058,7,5,7546.98,7,0
2059,4,2,2702.14,4,0
206,4,4,5633.8099999999995,4,0
2060,11,10,11179.22,11,0
2061,6,6,8403.650000000001,6,0
2062,5,5,6976.84,5,0
2063,5,5,4125.82,5,0
2064,5,5,5871.14,5,0
2065,4,4,4870.0599999999995,4,0
2066,5,4,6115.09,5,0
2067,8,8,9622.05,8,0
2068,5,5,5158.92,5,0
2069,6,5,10361.07,6,0
207,3,3,4448.26,3,0
2070,9,8,12319.539999999999,9,0
2071,7,7,5340.02,7,0
2072,13,11,11845.439999999999,13,0
2073,8,8,8097.38,6,2
2075,4,4,5575.41,4,0
2076,8,7,12082.72,8,0
2077,3,3,4642.2,3,0
2078,6,6,7319.86,5,1
2079,3,3,4631.31,3,0
208,5,5,5158.98,5,0
2080,6,5,6668.6,6,0
2081,5,5,5586.19,5,0
2082,7,7,6778.84,7,0
2083,9,9,10347.279999999999,9,0
2084,3,3,1985.07,3,0
2085,3,3,4294.14,3,0
2086,3,3,3812.2200000000003,3,0
2087,5,5,6577.63,5,0
2088,7,7,8654.02,6,1
2089,2,1,477.32000000000005,2,0
209,5,5,6093.4800000000005,5,0
2090,2,2,1020.78,2,0
2091,3,3,5499.04,3,0
2092,5,4,6764.39,5,0
2093,6,6,7654.84,6,0
2094,5,5,4214.53,5,0
2095,10,10,9988.76,10,0
2096,5,5,8229.84,5,0
2097,6,5,7726.09,6,0
2098,6,5,5472.62,6,0
2099,7,6,8967.04,7,0
21,5,5,7446.21,5,0
210,6,6,8805.2,6,0
2100,5,5,4288.18,5,0
2101,10,10,14423.33,9,1
2102,7,7,7317.46,7,0
2103,10,10,11617.25,10,0
2104,8,8,7415.84,8,0
2105,5,5,7196.7699999999995,5,0
2106,4,4,6782.28,4,0
2107,2,2,1941.0,2,0
2108,3,3,3130.2599999999998,3,0
2109,8,6,7637.12,8,0
211,9,8,10073.76,9,0
2110,7,6,7589.57,6,1
2111,9,9,11111.3,9,0
2112,4,4,5958.110000000001,4,0
2113,4,3,4987.47,4,0
2114,6,5,6706.46,6,0
2115,2,2,2204.45,2,0
2116,4,4,5827.96,4,0
2117,5,5,3925.17,5,0
2118,6,6,6724.4,6,0
2119,4,4,5477.6,4,0
212,2,2,2429.8,2,0
2120,8,8,11028.33,8,0
2121,10,10,11645.45,10,0
2122,4,3,4039.79,3,1
2123,6,6,6196.02,6,0
2124,6,6,7618.68,6,0
2125,6,5,4206.48,6,0
2126,4,4,2963.04,4,0
2127,5,5,5437.05,5,0
2128,2,2,3787.46,2,0
2129,2,2,1411.9299999999998,2,0
213,11,10,13555.56,11,0
2130,8,8,9169.4,8,0
2131,6,6,7199.04,6,0
2132,8,7,12668.24,8,0
2133,5,5,6553.44,5,0
2134,5,5,6556.68,5,0
2135,2,2,3174.01,2,0
2136,4,4,6269.92,4,0
2137,4,4,4683.41,4,0
2138,8,8,11281.36,8,0
2139,5,4,7480.94,5,0
214,6,6,6834.46,6,0
2140,8,8,9047.439999999999,8,0
2141,4,4,4820.85,4,0
2142,7,6,10200.02,7,0
2143,5,5,5872.29,5,0
2144,8,8,10452.24,8,0
2145,1,1,748.17,1,0
2146,2,2,2173.1099999999997,2,0
2147,3,3,2953.18,3,0
2148,4,4,4907.04,4,0
2149,9,5,7062.67,8,1
215,8,6,8485.16,8,0
2150,6,6,6161.6,6,0
2151,7,6,9369.73,7,0
2152,9,9,9894.84,9,0
2153,8,8,8239.72,8,0
2154,6,6,7924.87,6,0
2155,12,11,10114.46,12,0
2156,6,6,6988.71,6,0
2157,2,2,2131.52,2,0
2158,5,5,5982.3,5,0
2159,5,4,5111.04,5,0
216,5,4,5830.97,5,0
2160,6,6,6852.88,6,0
2161,5,5,5998.47,5,0
2162,4,3,4785.389999999999,4,0
2163,5,5,3842.24,5,0
2164,7,7,8585.81,7,0
2165,10,10,9072.94,10,0
2166,6,5,6021.83,6,0
2167,6,6,4691.02,6,0
2168,3,3,3828.1,3,0
2169,6,5,10330.95,6,0
217,8,7,11465.25,8,0
2170,6,6,7695.75,6,0
2171,6,4,4500.04,6,0
2172,4,3,6844.5,4,0
2173,4,4,5112.15,4,0
2174,6,6,7133.88,6,0
2175,4,4,4158.65,4,0
2176,3,3,2662.8199999999997,3,0
2177,5,5,6054.27,5,0
2178,4,4,3531.64,4,0
2179,7,7,6889.21,7,0
218,5,3,4232.68,5,0
2180,5,5,6162.33,5,0
2181,8,8,6274.12,8,0
2182,8,7,10722.16,8,0
2183,14,12,19071.32,14,0
2184,11,9,13468.26,11,0
2185,7,7,9578.97,7,0
2186,3,3,4245.21,3,0
2187,7,7,8284.37,7,0
2188,6,6,6671.540000000001,6,0
2189,10,8,9861.3,10,0
219,7,7,7915.57,7,0
2190,8,8,11980.720000000001,8,0
2191,5,5,7172.56,4,1
2192,6,6,4812.76,6,0
2193,4,4,6086.66,4,0
2194,8,7,8464.84,8,0
2195,6,5,7278.62,6,0
2196,5,4,4425.25,5,0
2197,3,3,2284.5600000000004,3,0
2198,4,4,4003.11,4,0
2199,4,4,4628.71,4,0
22,8,8,9546.35,7,1
220,6,6,7458.69,6,0
2200,3,3,2268.7799999999997,2,1
2201,8,8,11020.84,8,0
2202,10,10,8507.06,9,1
2203,5,5,6421.1,5,0
2204,8,6,7935.08,8,0
2205,4,4,4547.9,4,0
2206,4,3,4155.32,4,0
2207,6,6,6263.82,6,0
2208,6,6,5236.3099999999995,6,0
2209,1,1,1240.31,1,0
221,6,6,6729.84,6,0
2210,9,7,8133.83,9,0
2211,3,3,1649.1599999999999,3,0
2212,6,6,4951.08,6,0
2213,5,5,7240.5,5,0
2214,5,5,5053.05,5,0
2215,2,2,1965.6799999999998,2,0
2216,3,3,3352.32,3,0
2217,8,8,8779.73,8,0
2218,3,3,4304.09,3,0
2219,5,5,6319.34,5,0
222,2,2,2626.81,2,0
2220,4,4,4529.9,4,0
2221,8,8,9100.52,8,0
2222,6,6,7051.67,6,0
2223,7,7,5883.75,7,0
2224,3,2,2568.2200000000003,3,0
2225,3,3,5546.31,3,0
2226,8,8,8295.55,8,0
2227,5,5,5068.82,5,0
2228,4,3,3579.45,4,0
2229,4,4,3937.92,4,0
223,7,6,9805.5,7,0
2230,8,8,9883.84,8,0
2231,3,3,4555.37,3,0
2232,6,6,5666.030000000001,6,0
2233,7,7,6778.26,7,0
2234,7,7,4055.89,6,1
2235,6,6,7834.27,6,0
2236,3,3,4226.47,3,0
2237,7,7,7412.94,7,0
2238,3,3,4185.99,3,0
2239,2,2,1693.21,2,0
224,6,6,6209.46,5,1
2240,12,10,13961.45,12,0
2241,4,4,4335.0,4,0
2242,3,3,2540.1099999999997,3,0
2243,3,3,2141.05,3,0
2244,5,5,5963.92,5,0
2245,7,7,7779.9,7,0
2246,4,4,4027.99,4,0
2247,7,6,8149.4800000000005,7,0
2248,8,8,8369.31,8,0
2249,5,5,5600.46,5,0
225,3,3,2416.13,3,0
2250,3,3,3011.79,3,0
2251,7,7,5798.71,7,0
2252,5,5,5648.85,5,0
2253,6,5,7418.9400000000005,5,1
2254,6,6,5579.54,5,1
2255,3,3,3400.21,3,0
2256,3,3,4499.85,3,0
2257,5,5,6440.81,5,0
2258,7,7,8399.53,7,0
2259,4,4,4205.21,4,0
226,2,2,1639.95,2,0
2260,6,6,8234.9,6,0
2261,4,4,3875.61,4,0
2262,4,4,3058.55,4,0
2263,5,5,6359.93,5,0
2264,6,6,5198.18,6,0
2265,3,3,3990.7799999999997,3,0
2266,10,8,8911.6,10,0
2267,5,5,5466.639999999999,5,0
2268,8,8,9258.43,8,0
2269,7,7,9233.33,7,0
227,5,5,5589.13,5,0
2270,5,5,7588.29,5,0
2271,1,1,1362.99,1,0
2272,6,6,8116.8,6,0
2273,10,9,9867.35,10,0
2274,2,1,142.98,2,0
2275,6,5,8289.0,6,0
2276,4,4,4714.45,4,0
2277,4,4,4721.53,4,0
2278,5,4,3123.04,5,0
2279,8,8,7565.7,8,0
228,5,4,5178.17,5,0
2280,5,5,6373.32,5,0
2281,7,6,8021.26,7,0
2282,6,6,6818.610000000001,6,0
2283,7,6,7052.93,7,0
2284,7,5,7556.9400000000005,7,0
2285,7,5,4829.54,7,0
2286,5,5,4606.01,5,0
2287,2,2,1083.52,2,0
2288,6,6,6972.7,6,0
2289,5,5,6450.51,5,0
229,5,4,4473.07,5,0
2290,6,6,7476.58,6,0
2291,1,1,792.9,1,0
2292,7,7,8732.619999999999,7,0
2293,5,5,5018.52,5,0
2294,7,7,9680.22,7,0
2295,4,4,5830.14,4,0
2296,4,4,5259.05,4,0
2297,5,5,6232.6900000000005,5,0
2298,6,6,6997.85,5,1
2299,6,4,4359.32,6,0
23,7,6,8415.53,7,0
230,11,8,11755.6,10,1
2300,4,4,7346.110000000001,4,0
2301,7,7,10628.94,6,1
2302,3,3,4412.84,3,0
2303,2,2,2696.8599999999997,2,0
2304,7,7,9747.9,7,0
2305,5,5,6011.6900000000005,4,1
2306,4,4,4938.639999999999,4,0
2307,11,8,10123.71,11,0
2308,9,8,11438.369999999999,9,0
2309,12,11,16122.34,12,0
231,4,4,5338.64,4,0
2310,7,7,9599.97,7,0
2311,5,5,6375.870000000001,5,0
2312,5,5,7250.51,4,1
2313,6,6,4657.8,6,0
2314,3,3,4114.37,3,0
2315,5,5,2737.7999999999997,5,0
2316,4,4,2908.85,4,0
2317,5,5,6735.95,5,0
2318,7,6,8129.61,7,0
2319,4,3,7191.200000000001,4,0
232,6,5,4132.44,6,0
2320,3,3,2655.46,3,0
2321,3,3,5473.58,3,0
2322,4,4,4035.5099999999998,4,0
2323,3,3,4599.45,3,0
2324,5,5,5621.34,5,0
2325,6,6,7084.51,6,0
2326,1,1,774.53,1,0
2327,3,3,4153.110000000001,3,0
2328,1,1,441.49,1,0
2329,5,5,4252.36,5,0
233,6,6,5218.62,6,0
2330,3,3,2391.06,3,0
2331,7,7,5341.04,7,0
2332,4,3,1972.9,4,0
2333,4,4,5216.82,4,0
2334,3,3,3616.74,3,0
2335,7,7,7350.46,7,0
2336,9,9,10942.55,9,0
2337,3,3,2169.36,3,0
2338,7,7,7546.18,7,0
2339,9,8,10497.39,8,1
234,10,7,11557.99,10,0
2340,9,8,9442.23,9,0
2341,8,8,11392.11,8,0
2342,4,4,4988.86,4,0
2343,3,3,4215.4,3,0
2344,6,6,6947.3,6,0
2345,5,5,7439.41,5,0
2346,5,5,6429.33,5,0
2347,9,7,10730.51,9,0
2348,4,3,2451.77,4,0
2349,5,3,3608.1400000000003,5,0
235,11,10,9629.61,11,0
2350,6,5,5770.32,6,0
2351,8,8,8325.25,8,0
2352,1,1,1292.84,1,0
2353,10,6,11013.74,10,0
2354,5,5,4817.55,5,0
2355,5,5,5619.5599999999995,5,0
2356,4,4,5020.27,4,0
2357,4,4,5811.12,4,0
2358,11,7,8523.43,11,0
2359,8,8,9029.74,8,0
236,4,4,5255.34,4,0
2360,6,6,8601.41,6,0
2361,7,7,7640.51,7,0
2362,3,3,3007.23,3,0
2363,6,6,5473.37,6,0
2364,5,5,8404.81,5,0
2365,5,5,5448.58,5,0
2366,5,4,5543.95,5,0
2367,7,6,9334.85,7,0
2368,6,6,7617.099999999999,6,0
2369,8,8,11223.94,8,0
237,8,6,7156.79,8,0
2370,3,3,3107.9700000000003,3,0
2371,5,5,7720.1,5,0
2372,9,9,8295.0,8,1
2373,4,4,4758.4400000000005,4,0
2374,7,7,7495.68,7,0
2375,7,6,9972.86,7,0
2376,4,4,5599.33,4,0
2377,5,4,8081.98,5,0
2378,5,5,5040.639999999999,5,0
2379,11,10,13030.07,11,0
238,5,5,5838.6,5,0
2380,7,6,7948.44,7,0
2381,7,7,7877.93,7,0
2382,7,7,3369.77,7,0
2383,9,9,13104.08,9,0
2384,6,4,5845.17,6,0
2385,8,8,7901.9400000000005,8,0
2386,7,7,7710.12,7,0
2387,2,1,591.31,2,0
2388,7,7,10013.26,7,0
2389,3,3,2456.1800000000003,3,0
239,9,9,12986.130000000001,9,0
2390,7,7,9982.43,7,0
2391,10,9,10874.65,9,1
2392,5,5,5215.18,5,0
2393,2,2,1228.76,2,0
2394,1,1,980.37,1,0
2395,1,1,230.91,1,0
2396,5,5,5478.09,5,0
2397,9,8,10464.01,9,0
2398,3,3,2426.93,3,0
2399,6,6,6424.44,6,0
24,8,8,8078.950000000001,8,0
240,6,6,5689.53,5,1
2400,8,8,10452.28,8,0
2401,8,8,10935.93,8,0
2402,3,3,4490.75,3,0
2403,5,5,3202.84,4,1
2404,6,6,9279.27,6,0
2405,6,6,3528.3599999999997,6,0
2406,4,4,4117.37,4,0
2407,6,6,6205.71,6,0
2408,3,3,3920.17,3,0
2409,7,7,7117.35,7,0
241,4,4,3855.87,4,0
2410,7,7,7649.62,7,0
2411,4,4,6535.39,4,0
2412,6,6,7097.639999999999,6,0
2413,7,7,8666.869999999999,7,0
2414,4,4,5682.46,4,0
2415,5,5,4412.09,5,0
2416,2,2,2220.23,2,0
2417,1,1,1129.13,1,0
2418,7,7,9068.28,7,0
2419,8,6,8651.87,8,0
242,7,6,7798.25,7,0
2420,3,2,2367.71,3,0
2421,6,6,2836.38,6,0
2422,5,4,4670.18,5,0
2423,1,1,202.62,1,0
2424,7,7,5910.3099999999995,7,0
2425,9,9,8310.5,9,0
2426,5,5,8399.89,5,0
2427,6,5,7962.36,6,0
2428,9,9,10167.49,9,0
2429,3,3,3811.29,3,0
243,6,5,8818.380000000001,6,0
2430,4,4,3385.21,4,0
2431,2,2,1447.1799999999998,2,0
2432,7,7,4898.05,7,0
2433,10,10,10945.11,10,0
2434,9,9,10024.41,9,0
2435,5,5,6950.49,5,0
2436,4,4,3919.84,4,0
2437,2,2,1436.8,2,0
2438,7,7,6007.49,7,0
2439,6,6,5841.8,6,0
244,4,4,6290.66,4,0
2440,4,4,5001.4400000000005,3,1
2441,2,2,2059.61,2,0
2442,6,5,5014.139999999999,6,0
2443,6,5,6182.68,6,0
2444,4,4,5166.36,4,0
2445,5,5,5245.21,5,0
2446,7,7,9602.64,7,0
2447,7,7,7729.64,7,0
2448,6,6,5418.88,6,0
2449,6,6,8199.95,6,0
245,5,5,4855.26,5,0
2450,2,2,3861.74,2,0
2451,3,3,3247.8500000000004,3,0
2452,4,4,4209.71,4,0
2453,6,4,4683.469999999999,6,0
2454,11,10,11914.73,11,0
2455,8,8,8482.92,8,0
2456,6,6,6887.07,6,0
2457,6,6,8023.24,6,0
2458,7,5,11224.23,7,0
2459,11,9,11877.19,11,0
246,9,7,9724.98,9,0
2460,4,4,4291.639999999999,4,0
2461,6,6,4090.26,6,0
2462,6,6,5779.98,5,1
2463,8,8,9906.89,8,0
2464,13,12,14574.06,13,0
2465,10,9,10135.89,10,0
2466,5,4,4796.14,5,0
2467,5,4,2590.13,5,0
2468,10,8,13390.75,10,0
2469,7,6,10397.56,7,0
247,7,7,9778.37,7,0
2470,4,4,3356.1,4,0
2471,5,4,5699.45,5,0
2472,6,6,7612.35,6,0
2473,5,5,4256.68,5,0
2474,8,6,7916.51,8,0
2475,7,7,10009.91,7,0
2476,14,10,14578.69,14,0
2477,1,1,2005.66,1,0
2478,7,7,5012.3099999999995,7,0
2479,7,6,3335.31,7,0
248,7,7,8902.16,6,1
2480,5,5,6781.5,5,0
2481,7,7,5825.4,7,0
2482,3,3,3110.6899999999996,3,0
2483,5,4,3026.94,4,1
2484,6,6,5472.78,6,0
2485,6,6,5955.21,6,0
2486,2,2,3246.42,2,0
2487,4,4,2978.64,4,0
2488,6,5,6900.389999999999,6,0
2489,8,7,11411.16,8,0
249,9,6,6569.14,9,0
2490,5,5,7816.21,5,0
2491,6,6,3798.2,6,0
2492,10,9,12661.35,10,0
2493,3,3,3796.09,3,0
2494,7,6,6744.39,6,1
2495,8,8,5497.11,8,0
2496,5,5,2095.52,5,0
2497,4,4,4265.4400000000005,4,0
2498,8,8,9981.91,8,0
2499,3,3,3848.07,3,0
25,12,11,9996.33,12,0
250,7,7,9866.27,7,0
2500,3,3,2535.87,3,0
2501,7,7,7685.12,7,0
2502,5,4,4196.26,5,0
2503,4,4,4951.0,4,0
2504,5,5,5458.179999999999,5,0
2505,9,7,10295.31,9,0
2506,4,4,5594.41,4,0
2507,4,4,5405.0,4,0
2508,10,10,12948.97,10,0
2509,8,8,8313.9,8,0
251,4,4,3425.0,4,0
2510,6,5,8315.039999999999,6,0
2511,4,4,5381.19,4,0
2512,6,5,5536.07,6,0
2513,7,7,8203.29,7,0
2514,3,3,4414.05,3,0
2515,3,3,4764.52,3,0
2516,3,3,1978.9299999999998,3,0
2517,4,4,5104.02,4,0
2518,5,5,7538.469999999999,5,0
2519,4,4,2487.22,4,0
252,5,5,5565.48,5,0
2520,5,5,4496.29,5,0
2521,3,3,3422.3,3,0
2522,8,7,9637.08,7,1
2523,10,9,9855.77,10,0
2524,6,5,4384.97,6,0
2525,1,1,1977.36,1,0
2526,6,5,6039.110000000001,6,0
2527,7,7,8751.73,7,0
2528,7,7,9485.91,7,0
2529,7,7,9000.92,7,0
253,5,5,2932.39,4,1
2530,7,7,5560.28,7,0
2531,7,7,7233.38,7,0
2532,1,1,71.49,1,0
2533,3,3,4689.75,3,0
2534,7,6,8069.62,7,0
2535,6,6,5517.49,6,0
2536,6,6,9145.1,6,0
2537,11,10,11743.039999999999,11,0
2538,9,9,11849.7,9,0
2539,5,5,5493.46,5,0
254,7,7,9801.07,7,0
2540,7,7,7819.73,7,0
2541,2,2,3358.87,2,0
2542,7,7,10741.16,7,0
2543,4,3,5543.46,4,0
2544,6,6,6633.58,6,0
2545,3,3,2916.92,3,0
2546,4,4,2419.01,4,0
2547,3,3,2217.0600000000004,3,0
2548,13,12,14027.08,12,1
2549,4,3,6211.0,4,0
255,12,12,14949.91,12,0
2550,5,5,6139.76,5,0
2551,4,4,4894.98,4,0
2552,6,6,8603.02,6,0
2553,7,5,8252.1,7,0
2554,5,5,4993.71,5,0
2555,6,6,9456.4,6,0
2556,2,1,1917.48,2,0
2557,3,3,5222.06,3,0
2558,4,4,5684.29,4,0
2559,8,4,5364.14,8,0
256,5,5,5861.16,5,0
2560,11,11,9706.619999999999,11,0
2561,4,4,7146.860000000001,4,0
2562,7,7,8220.23,7,0
2563,5,5,4716.139999999999,5,0
2564,5,5,2828.34,5,0
2565,9,8,11516.51,9,0
2566,10,9,8489.6,10,0
2567,4,4,5954.21,4,0
2568,4,4,3918.87,4,0
2569,7,7,9585.83,7,0
257,5,5,7616.05,5,0
2570,8,8,8168.89,7,1
2571,3,3,3652.28,3,0
2572,8,8,10111.81,8,0
2573,4,4,4088.91,4,0
2574,11,11,11811.560000000001,11,0
2575,5,4,4119.53,5,0
2576,7,7,8271.03,7,0
2577,6,5,5240.639999999999,6,0
2578,4,4,4676.02,4,0
2579,3,3,2288.84,3,0
258,5,5,4816.4,5,0
2580,8,8,9493.86,8,0
2581,5,5,5903.89,5,0
2582,5,5,5104.43,5,0
2583,4,4,4046.62,4,0
2584,5,3,3983.61,5,0
2585,7,7,7066.38,7,0
2586,3,3,3379.79,3,0
2587,9,8,9007.27,9,0
2588,3,3,5656.6900000000005,3,0
2589,5,4,5101.54,5,0
259,4,4,5329.9400000000005,4,0
2590,6,5,8720.42,6,0
2591,6,6,9027.71,6,0
2592,8,8,11062.61,8,0
2593,4,4,3940.27,4,0
2594,6,6,9467.470000000001,6,0
2595,8,7,10273.25,8,0
2596,5,5,7674.39,5,0
2597,6,5,7670.71,6,0
2598,6,6,7871.62,6,0
2599,7,7,7725.21,7,0
26,3,3,3943.12,3,0
260,9,7,8587.0,9,0
2600,3,3,4973.54,3,0
2601,8,8,9798.03,8,0
2602,8,8,7898.91,7,1
2603,7,7,7817.9400000000005,7,0
2604,6,6,6086.83,6,0
2605,5,4,6656.209999999999,5,0
2606,10,9,12338.51,10,0
2607,8,8,7870.34,8,0
2608,7,7,4403.82,7,0
2609,8,8,8362.17,8,0
261,9,9,9137.67,9,0
2610,8,6,8499.220000000001,8,0
2611,7,7,5700.59,7,0
2612,2,2,1924.4700000000003,2,0
2613,5,5,4933.99,5,0
2614,4,4,6322.41,4,0
2615,9,9,13460.630000000001,9,0
2616,11,10,13134.119999999999,11,0
2617,7,7,10695.449999999999,7,0
2618,10,10,9670.59,10,0
2619,2,2,3869.2699999999995,2,0
262,5,5,4597.37,5,0
2620,8,7,8317.97,8,0
2621,7,7,6926.01,7,0
2622,7,7,6595.22,7,0
2623,5,5,6916.33,5,0
2624,5,5,5629.39,5,0
2625,4,4,3403.67,4,0
2626,4,4,4263.71,4,0
2627,6,6,9321.82,6,0
2628,4,4,4668.82,4,0
2629,6,6,7374.25,5,1
263,7,7,7902.84,7,0
2630,10,10,10514.539999999999,10,0
2631,3,3,3539.6800000000003,3,0
2632,4,4,6590.860000000001,4,0
2633,9,9,10392.61,9,0
2634,3,3,2614.21,3,0
2635,8,8,10781.21,8,0
2636,3,3,3411.77,3,0
2637,11,10,13895.71,11,0
2638,10,10,9883.4,10,0
2639,5,5,7255.96,5,0
264,5,5,4018.37,4,1
2640,11,10,11643.47,11,0
2641,7,7,6132.32,7,0
2642,2,2,3229.6400000000003,2,0
2643,3,3,1897.1999999999998,3,0
2644,2,2,1697.24,2,0
2645,6,5,5168.14,6,0
2646,5,5,4987.72,5,0
2647,8,6,7977.09,7,1
2648,5,4,6102.13,5,0
2649,4,4,6633.45,4,0
265,4,4,4809.14,4,0
2650,6,6,5688.65,6,0
2651,9,9,10138.01,8,1
2652,5,5,7176.639999999999,5,0
2653,9,9,12316.0,9,0
2654,9,9,9905.2,9,0
2655,6,6,8575.35,6,0
2656,7,7,9051.86,7,0
2657,3,3,3891.5,3,0
2658,5,4,3853.98,5,0
2659,12,8,11948.48,12,0
266,4,4,4191.43,4,0
2661,5,5,5712.01,5,0
2662,9,9,10546.039999999999,9,0
2663,5,4,7423.2300000000005,5,0
2664,7,6,6587.43,7,0
2665,3,3,5364.68,3,0
2666,4,3,4534.9,4,0
2667,5,5,5817.66,5,0
2668,5,5,3342.3,5,0
2669,3,3,3552.54,3,0
267,4,4,5029.25,4,0
2670,3,3,3290.68,3,0
2671,7,7,8811.26,7,0
2672,8,8,8417.05,8,0
2673,5,5,4576.389999999999,5,0
2674,5,5,6395.9,5,0
2675,5,5,5429.8,5,0
2676,6,5,7274.78,6,0
2677,5,5,5446.05,5,0
2678,5,5,5004.09,5,0
2679,6,5,5660.31,6,0
268,4,4,5104.56,4,0
2680,9,9,9177.27,8,1
2681,5,5,4606.83,5,0
2682,8,5,6122.34,8,0
2683,6,6,7829.89,6,0
2684,9,8,11938.039999999999,9,0
2685,6,6,5323.86,6,0
2686,11,10,13237.88,11,0
2687,7,7,6724.23,7,0
2688,3,3,3018.69,3,0
2689,5,5,3956.18,5,0
269,5,5,5215.37,5,0
2690,4,4,5860.55,4,0
2691,8,8,8562.05,8,0
2692,3,2,1662.12,3,0
2693,6,5,5128.639999999999,6,0
2694,4,4,2766.09,4,0
2695,9,7,11703.11,9,0
2696,4,4,5519.58,4,0
2697,7,4,6415.43,7,0
2698,7,7,9054.05,7,0
2699,5,4,3428.76,5,0
27,7,7,7679.97,7,0
270,7,6,7413.610000000001,7,0
2700,4,3,4497.46,4,0
2701,9,9,11558.89,9,0
2702,9,9,12880.3,9,0
2703,7,7,7330.05,7,0
2704,3,3,1517.27,3,0
2705,9,9,12147.34,9,0
2706,3,3,2769.36,3,0
2707,3,3,3934.6,3,0
2708,3,3,3437.08,3,0
2709,5,4,3860.54,4,1
271,2,2,2293.0200000000004,2,0
2710,4,4,3931.54,4,0
2711,6,6,6439.08,6,0
2712,6,5,6967.02,6,0
2713,3,3,3426.37,3,0
2714,5,4,4081.8100000000004,5,0
2715,5,5,6644.62,5,0
2716,4,4,4529.24,4,0
2717,10,10,10140.5,10,0
2718,7,6,6798.88,6,1
2719,3,3,3061.49,3,0
272,7,7,7345.17,7,0
2720,5,3,5273.07,5,0
2721,2,2,2292.96,2,0
2722,6,6,4806.32,6,0
2723,8,8,10565.119999999999,8,0
2724,4,4,4604.3,4,0
2725,4,4,2094.38,4,0
2726,10,10,10263.47,10,0
2727,5,5,8567.85,5,0
2728,8,8,9659.77,8,0
2729,6,6,8706.47,6,0
273,10,10,11372.24,10,0
2730,7,7,4649.51,7,0
2731,4,4,2409.89,4,0
2732,10,10,6703.58,10,0
2733,10,9,13266.619999999999,10,0
2734,3,3,2148.54,3,0
2735,2,2,1340.77,2,0
2736,5,4,4311.28,5,0
2737,9,9,10510.1,9,0
2738,5,5,5189.82,4,1
2739,2,2,743.0500000000001,2,0
274,4,4,2597.6800000000003,4,0
2740,8,8,10497.95,8,0
2741,3,3,3056.2200000000003,2,1
2742,3,3,3741.05,3,0
2743,2,2,2956.8,2,0
2744,3,3,3148.36,3,0
2745,2,2,3322.62,2,0
2746,3,3,3056.2200000000003,3,0
2747,9,9,11417.36,9,0
2748,4,4,3952.7,4,0
2749,1,1,1061.56,1,0
275,7,7,8902.17,7,0
2750,11,9,12349.36,11,0
2751,8,7,9856.48,8,0
2752,4,4,5737.59,4,0
2753,11,11,9649.8,11,0
2754,3,3,5568.64,3,0
2755,13,11,14088.24,13,0
2756,4,3,5196.93,4,0
2757,3,3,3501.37,3,0
2758,4,4,4188.4,4,0
2759,5,5,5619.73,5,0
276,6,6,6112.08,6,0
2760,5,5,5241.94,5,0
2761,9,8,10079.42,9,0
2762,10,9,15071.26,9,1
2763,9,9,6496.64,9,0
2764,4,4,3651.92,4,0
2765,6,6,8522.02,6,0
2766,6,5,8740.06,6,0
2767,3,3,2597.41,3,0
2768,6,6,6811.9400000000005,6,0
2769,6,5,8004.25,6,0
277,4,4,4539.22,4,0
2770,9,9,13728.7,9,0
2771,5,5,8579.48,5,0
2772,5,5,5138.68,5,0
2773,4,3,4179.19,4,0
2774,5,5,4479.04,5,0
2775,6,6,6201.93,6,0
2776,4,4,4205.06,4,0
2777,6,6,6216.71,6,0
2778,5,5,5669.9,5,0
2779,5,4,6558.76,5,0
278,1,1,1228.07,1,0
2780,5,4,6150.43,5,0
2781,4,4,4131.86,4,0
2782,5,4,4995.43,5,0
2783,11,11,9019.44,11,0
2784,3,3,2423.2200000000003,3,0
2785,6,6,9232.95,6,0
2786,6,6,4372.3,6,0
2787,6,6,10014.36,6,0
2788,11,10,17258.940000000002,11,0
2789,2,2,2097.73,2,0
279,6,6,3817.17,6,0
2790,3,2,1799.14,3,0
2791,7,7,9980.38,7,0
2792,3,3,4771.39,3,0
2793,8,8,10915.33,8,0
2794,7,7,7835.25,7,0
2795,3,3,4453.63,3,0
2796,7,7,8157.719999999999,7,0
2797,6,6,4583.92,6,0
2798,5,3,3433.47,5,0
2799,8,8,9916.09,8,0
28,6,6,5492.900000000001,6,0
280,11,10,12587.58,11,0
2800,5,5,1193.9,5,0
2801,5,5,3312.28,4,1
2802,3,3,1370.06,3,0
2803,6,6,6522.64,6,0
2804,7,6,6016.75,7,0
2805,5,5,5915.9,5,0
2806,8,7,8667.06,8,0
2807,1,1,1216.14,1,0
2808,5,5,6828.29,5,0
2809,3,3,2490.58,3,0
281,4,3,3537.46,4,0
2810,6,6,3670.1800000000003,6,0
2811,5,5,4456.35,5,0
2812,6,6,8956.25,6,0
2813,5,5,6323.22,5,0
2814,4,4,4851.34,4,0
2815,9,8,9217.46,9,0
2816,10,9,13562.73,10,0
2817,3,3,4046.6099999999997,3,0
2818,4,4,5234.29,4,0
2819,4,4,5543.02,4,0
282,2,2,2565.84,2,0
2820,7,7,8152.6900000000005,7,0
2821,5,5,4455.08,5,0
2822,9,9,8764.17,9,0
2823,4,3,2040.6100000000001,4,0
2824,6,6,8837.81,6,0
2825,4,4,4231.89,4,0
2826,12,11,11244.57,12,0
2827,5,3,4673.13,5,0
2828,2,2,2446.06,2,0
2829,2,2,3023.32,2,0
283,6,6,8380.59,6,0
2830,5,5,4885.5199999999995,5,0
2831,5,5,4904.01,5,0
2832,9,7,7026.780000000001,9,0
2833,6,6,6437.61,6,0
2834,3,3,3603.6800000000003,3,0
2835,3,3,1178.37,3,0
2836,10,10,12283.11,10,0
2837,7,7,9092.1,7,0
2838,3,3,2838.62,3,0
2839,8,8,7971.99,8,0
284,5,4,5874.839999999999,5,0
2840,4,4,3362.7599999999998,4,0
2841,7,5,10658.349999999999,7,0
2842,3,3,2134.96,3,0
2843,6,6,6116.0,6,0
2844,7,7,7248.98,7,0
2845,8,8,8539.21,8,0
2846,4,4,4002.3,4,0
2847,7,7,8251.07,7,0
2848,4,4,5354.429999999999,4,0
2849,4,4,4650.96,4,0
285,6,6,6725.29,6,0
2850,8,6,7671.88,8,0
2851,8,8,8746.779999999999,7,1
2852,6,6,8373.67,4,2
2853,8,7,8836.36,8,0
2854,4,4,4893.5,4,0
2855,2,2,255.35000000000002,2,0
2856,7,7,10139.11,7,0
2857,6,6,8974.25,6,0
2858,5,5,8376.119999999999,5,0
2859,8,7,6793.56,8,0
286,4,4,6402.0599999999995,3,1
2860,10,7,14673.35,10,0
2861,8,8,9484.25,8,0
2862,5,5,4816.96,5,0
2863,1,1,544.05,1,0
2864,4,4,4770.7699999999995,4,0
2865,7,7,11030.02,7,0
2866,4,4,4759.37,4,0
2867,5,3,2866.46,5,0
2868,4,3,3572.73,4,0
2869,6,6,6230.41,6,0
287,1,1,2083.94,0,1
2870,2,2,599.88,2,0
2871,6,4,4852.74,6,0
2872,7,7,7041.0599999999995,7,0
2873,3,3,3244.63,3,0
2874,11,11,15091.91,11,0
2875,4,4,5883.47,4,0
2876,1,1,958.74,1,0
2877,9,9,8291.58,8,1
2878,3,3,2319.39,3,0
2879,8,8,9983.98,8,0
288,4,3,3936.5699999999997,4,0
2880,8,8,12780.52,8,0
2881,6,5,6506.51,6,0
2882,2,2,2515.6800000000003,2,0
2883,7,7,10571.82,7,0
2884,8,7,6897.469999999999,7,1
2885,9,9,12055.64,9,0
2886,8,8,8504.95,8,0
2887,9,8,10892.99,9,0
2888,6,5,7967.07,6,0
2889,5,5,6098.4800000000005,5,0
289,10,6,11383.07,10,0
2890,7,7,8037.32,6,1
2891,7,6,8583.39,7,0
2892,5,5,6697.78,5,0
2893,3,2,4825.25,3,0
2894,9,8,14621.73,8,1
2895,2,2,1390.68,2,0
2896,2,2,2648.5,2,0
2897,5,5,4416.799999999999,5,0
2898,4,3,4284.31,4,0
2899,6,5,6188.15,6,0
29,9,8,10855.57,9,0
290,5,5,5912.93,5,0
2900,3,3,4234.34,3,0
2901,7,7,9512.21,7,0
2902,2,2,1591.08,2,0
2903,3,3,3175.62,3,0
2904,7,4,5397.49,7,0
2905,4,4,3343.69,4,0
2906,4,4,4835.93,4,0
2907,7,7,9679.210000000001,7,0
2908,6,6,3638.18,6,0
2909,7,7,7868.9,7,0
291,2,2,983.55,2,0
2910,8,7,5951.54,8,0
2911,2,2,1875.15,2,0
2912,13,11,14149.73,13,0
2913,6,5,5130.11,6,0
2914,12,11,13824.53,12,0
2915,7,7,6896.26,7,0
2916,7,7,8475.59,5,2
2917,5,5,6402.85,5,0
2918,7,7,8939.64,7,0
2919,6,6,5710.05,6,0
292,7,7,8825.97,7,0
2920,2,2,2787.82,2,0
2921,5,5,4820.4,5,0
2922,5,5,5507.0199999999995,4,1
2923,7,7,6413.18,7,0
2924,6,6,5940.1900000000005,5,1
2925,5,5,4419.8099999999995,5,0
2926,4,3,3211.69,4,0
2927,3,3,4096.32,3,0
2928,5,5,6092.18,5,0
2929,9,9,10903.63,8,1
293,5,5,5175.56,5,0
2930,7,6,6178.68,7,0
2931,6,5,4741.6,6,0
2932,10,9,10991.14,10,0
2933,5,5,4806.32,5,0
2934,6,6,7094.71,6,0
2935,7,7,4508.01,7,0
2936,7,6,10669.630000000001,6,1
2937,7,6,11473.75,7,0
2938,5,5,7013.27,5,0
2939,4,4,3757.8,4,0
294,7,6,8719.14,7,0
2940,7,7,6758.78,7,0
2941,5,5,4811.55,5,0
2942,8,8,9837.369999999999,7,1
2943,7,5,7308.48,7,0
2944,6,6,4572.33,6,0
2945,3,3,2684.96,3,0
2946,10,9,9722.73,10,0
2947,6,6,5990.41,6,0
2948,5,5,4758.83,5,0
2949,3,3,1857.76,3,0
295,7,7,5956.46,7,0
2950,3,3,1953.15,3,0
2951,9,9,11002.560000000001,9,0
2952,5,5,6242.1,5,0
2953,5,5,6263.34,5,0
2954,6,4,5047.3099999999995,6,0
2955,8,7,8309.33,8,0
2956,7,7,5810.6900000000005,7,0
2957,3,3,3938.5699999999997,3,0
2958,7,7,6042.2,7,0
2959,3,3,3525.57,3,0
296,3,3,4016.36,3,0
2960,3,3,5056.1,3,0
2961,6,6,8983.52,6,0
2962,3,3,2837.74,3,0
2963,5,5,3318.74,5,0
2964,2,2,3630.46,2,0
2965,6,6,6158.93,6,0
2966,5,5,5009.32,5,0
2967,3,3,4699.01,3,0
2968,7,5,5052.9,7,0
2969,6,6,6455.639999999999,6,0
297,4,4,5674.71,4,0
2970,4,4,4043.88,4,0
2971,3,3,2449.96,3,0
2972,4,3,3218.41,4,0
2973,4,4,3872.73,4,0
2974,2,2,1166.79,2,0
2975,3,3,4429.83,3,0
2976,4,4,6239.15,4,0
2977,5,5,5552.88,5,0
2978,3,3,2701.2200000000003,3,0
2979,4,4,3936.52,3,1
298,11,8,12420.52,11,0
2980,6,6,7498.77,6,0
2981,7,5,4484.4800000000005,7,0
2982,7,6,8987.33,7,0
2983,5,5,7256.57,5,0
2984,5,5,6200.1,5,0
2985,10,8,10664.07,10,0
2986,9,9,9529.92,9,0
2987,5,5,5300.65,5,0
2988,8,8,8349.34,8,0
2989,9,9,11757.14,9,0
299,7,7,10296.12,7,0
2990,7,5,5394.23,7,0
2991,6,6,5559.9800000000005,6,0
2992,8,7,10530.96,8,0
2993,8,8,11450.73,7,1
2994,3,3,719.38,3,0
2995,5,5,5069.75,5,0
2996,3,3,4774.51,3,0
2997,6,6,5293.91,6,0
2998,3,3,4629.21,3,0
2999,11,11,12745.98,11,0
3,8,8,9888.23,8,0
30,3,3,3736.5199999999995,3,0
300,5,4,7003.74,5,0
3000,4,4,4848.29,4,0
3001,4,4,4664.8,4,0
3002,7,7,7201.75,7,0
3003,9,9,7885.54,9,0
3004,5,5,5048.79,5,0
3005,3,3,3682.5499999999997,3,0
3006,4,4,5912.1,4,0
3007,7,7,8547.34,7,0
3008,6,5,7710.66,6,0
3009,4,4,4421.04,4,0
301,2,1,361.78,2,0
3010,5,5,4911.610000000001,4,1
3011,4,4,3080.8,4,0
3012,6,6,9204.57,6,0
3013,9,7,8161.56,9,0
3014,9,7,8691.039999999999,9,0
3015,10,9,14529.95,10,0
3016,5,5,7991.99,5,0
3017,6,6,6588.3,6,0
3018,5,4,3833.35,5,0
3019,3,3,4258.98,3,0
302,2,2,2024.93,2,0
3020,12,9,11413.11,12,0
3021,7,7,6493.42,7,0
3022,5,3,3884.79,5,0
3023,4,2,2119.85,4,0
3024,2,1,3539.28,2,0
3025,2,2,2263.49,2,0
3026,6,5,5618.62,6,0
3027,5,5,3296.91,5,0
3028,5,5,5620.95,5,0
3029,4,4,5099.51,4,0
303,3,3,3874.1800000000003,3,0
3030,7,6,5700.4,7,0
3031,5,5,6455.51,5,0
3032,7,6,10767.02,7,0
3033,2,2,2523.2,2,0
3034,5,5,5496.76,5,0
3035,5,4,4522.24,5,0
3036,5,5,8620.53,5,0
3037,3,3,2449.3,3,0
3038,6,5,5268.26,6,0
3039,9,9,8652.35,9,0
304,9,8,7284.7,9,0
3040,2,2,3384.3099999999995,1,1
3041,2,2,3469.37,2,0
3042,6,5,6916.03,6,0
3043,4,4,4497.96,4,0
3044,9,9,10768.18,9,0
3045,6,6,8878.98,6,0
3046,5,5,6086.83,5,0
3047,5,5,6712.39,5,0
3048,13,13,14756.09,13,0
3049,3,3,3596.57,3,0
305,7,7,6385.26,7,0
3050,9,9,12410.86,9,0
3051,4,4,5849.7,4,0
3052,2,2,1216.02,2,0
3053,4,4,3823.21,4,0
3054,5,5,7022.29,5,0
3055,10,9,10643.23,10,0
3056,4,4,4165.67,4,0
3057,7,6,9733.55,7,0
3058,5,5,8188.639999999999,5,0
3059,2,2,3898.92,2,0
306,2,2,1362.46,2,0
3060,11,11,14609.22,11,0
3061,9,9,8604.59,9,0
3062,6,6,6083.87,6,0
3063,5,5,3246.28,5,0
3064,7,7,6989.68,7,0
3065,5,5,5665.26,5,0
3066,4,4,3756.25,4,0
3067,6,5,7095.87,6,0
3068,6,6,5197.79,6,0
3069,3,3,3104.7999999999997,3,0
307,9,9,9818.0,8,1
3070,4,4,1927.42,4,0
3071,4,4,3954.99,4,0
3072,7,7,7712.87,7,0
3073,3,3,3426.95,3,0
3074,7,7,8822.95,7,0
3075,6,6,5704.8,6,0
3076,4,4,4105.89,4,0
3077,7,7,8452.62,7,0
3078,3,3,2490.95,3,0
3079,4,4,4030.71,4,0
308,6,6,7432.02,6,0
3080,9,8,10388.83,9,0
3081,6,6,8311.18,6,0
3082,5,5,4508.030000000001,5,0
3083,6,5,4366.12,6,0
3084,6,5,7652.58,6,0
3085,5,5,4858.75,5,0
3086,10,8,9866.66,10,0
3087,6,6,6584.210000000001,6,0
3088,7,7,6701.71,7,0
3089,4,4,6196.13,4,0
309,4,4,5475.93,4,0
3090,5,5,6006.22,5,0
3091,2,2,1434.48,2,0
3092,3,3,3324.14,3,0
3093,9,7,10362.369999999999,9,0
3094,7,7,6633.12,7,0
3095,5,5,7352.31,5,0
3096,3,3,5023.0599999999995,3,0
3097,3,3,3076.92,3,0
3098,4,4,5235.47,4,0
3099,2,2,3105.12,2,0
31,4,4,3110.0,4,0
310,7,7,9065.04,7,0
3100,4,4,5579.87,4,0
3101,4,3,4558.28,4,0
3102,5,5,7162.67,5,0
3103,8,8,9084.18,8,0
3104,7,7,7947.43,7,0
3105,6,6,6820.6,6,0
3106,5,5,5176.15,5,0
3107,4,4,4003.1400000000003,4,0
3108,7,7,10194.970000000001,7,0
3109,5,5,6150.85,5,0
311,6,6,7559.06,6,0
3110,3,3,2064.77,3,0
3111,5,5,4650.44,5,0
3112,8,6,8006.59,8,0
3113,8,8,10192.61,8,0
3114,6,6,6458.95,5,1
3115,5,5,6326.07,5,0
3116,6,6,5955.83,6,0
3117,9,8,12615.48,9,0
3118,9,9,14065.03,9,0
3119,4,4,4368.56,4,0
312,6,6,7564.12,6,0
3120,7,7,7351.7,7,0
3121,6,6,6379.44,6,0
3122,5,5,5885.77,5,0
3123,4,4,3733.72,4,0
3124,3,2,2085.18,3,0
3125,4,4,4529.16,4,0
3126,8,7,9426.93,7,1
3127,4,4,5836.78,4,0
3128,5,5,5753.62,5,0
3129,5,5,6405.030000000001,5,0
313,6,6,8979.0,6,0
3130,5,5,6539.6,5,0
3131,8,8,7333.7,8,0
3132,5,5,5502.29,5,0
3133,6,5,7335.610000000001,6,0
3134,7,6,10273.18,7,0
3135,7,6,7539.8099999999995,7,0
3136,4,4,4905.76,4,0
3137,7,7,6481.77,7,0
3138,5,5,7137.22,5,0
3139,3,3,2633.05,3,0
314,8,6,6264.7300000000005,8,0
3140,3,3,2714.79,3,0
3141,7,7,3596.67,7,0
3142,4,4,4004.87,4,0
3143,11,11,10532.28,11,0
3144,3,3,1975.27,3,0
3145,7,5,8500.63,7,0
3146,8,8,11006.29,7,1
3147,6,6,5237.77,6,0
3148,6,6,6033.4,6,0
3149,3,3,3636.56,3,0
315,9,8,7677.51,9,0
3150,8,8,5011.59,8,0
3151,9,9,11451.18,9,0
3152,6,6,5683.73,6,0
3153,5,5,8533.27,5,0
3154,7,6,6780.46,7,0
3155,4,3,2692.7400000000002,4,0
3156,3,3,3087.91,3,0
3157,8,8,10424.25,8,0
3158,6,5,7721.6900000000005,6,0
3159,2,2,3527.29,2,0
316,4,4,3813.84,4,0
3160,5,5,6779.3099999999995,5,0
3161,1,1,792.9,1,0
3162,2,2,2734.17,2,0
3163,6,6,5066.64,6,0
3164,5,5,6151.66,5,0
3165,8,7,8775.91,8,0
3166,7,7,9906.01,6,1
3167,4,4,5079.55,4,0
3168,5,4,7910.709999999999,5,0
3169,7,7,6806.93,7,0
317,5,5,6692.47,5,0
3170,6,5,6884.95,6,0
3171,3,3,3111.56,3,0
3172,4,4,3093.31,4,0
3173,6,6,8425.04,6,0
3174,6,6,4986.21,6,0
3175,3,3,3044.7200000000003,3,0
3176,9,8,7167.2699999999995,9,0
3177,7,7,5174.7300000000005,7,0
3178,5,5,6357.4800000000005,5,0
3179,1,1,1148.64,1,0
318,7,7,9276.07,7,0
3180,2,2,2298.81,2,0
3181,6,6,8160.14,6,0
3182,4,4,1732.02,4,0
3183,8,7,6607.77,8,0
3184,8,8,9258.6,8,0
3185,7,7,6809.12,7,0
3186,5,5,5875.91,5,0
3187,5,5,5489.099999999999,5,0
3188,5,4,3932.31,5,0
3189,2,1,200.7,2,0
319,5,4,7051.54,5,0
3190,8,8,5692.24,8,0
3191,8,8,9402.43,8,0
3192,4,4,4871.5199999999995,4,0
3193,6,4,5155.41,6,0
3194,3,3,3691.67,2,1
3195,9,8,8409.64,9,0
3196,7,7,7505.92,7,0
3197,5,5,5284.57,5,0
3198,4,4,5693.18,4,0
3199,8,7,10703.79,8,0
32,7,7,7873.18,7,0
320,10,10,11721.06,10,0
3200,5,5,4865.6900000000005,5,0
3201,7,7,7757.7300000000005,7,0
3202,8,8,9341.0,8,0
3203,3,3,4714.8099999999995,3,0
3204,9,8,12368.289999999999,8,1
3205,6,6,6054.93,6,0
3206,7,7,7842.21,7,0
3207,5,5,3751.87,5,0
3208,8,6,9638.46,7,1
3209,4,3,3112.43,4,0
321,5,5,5405.99,5,0
3210,5,5,3992.06,5,0
3211,3,3,3667.73,3,0
3212,8,6,13490.52,8,0
3213,5,5,4363.18,5,0
3214,4,4,4838.349999999999,4,0
3215,7,6,11950.24,7,0
3216,4,4,3366.82,4,0
3217,11,10,10733.56,11,0
3218,5,5,4886.1,4,1
3219,8,8,7191.65,8,0
322,12,12,14782.23,12,0
3220,8,7,7616.3,8,0
3221,10,8,11562.03,10,0
3222,2,2,2179.35,2,0
3223,8,8,8793.49,8,0
3224,9,9,8518.72,9,0
3225,7,7,7505.34,7,0
3226,4,4,1217.42,4,0
3227,6,6,6029.25,6,0
3228,7,7,9815.41,7,0
323,6,6,4992.110000000001,6,0
3230,5,5,5698.38,5,0
3231,7,7,7562.51,6,1
3232,13,11,13451.28,13,0
3233,3,3,2477.0699999999997,3,0
3234,2,1,2358.0,2,0
3235,1,1,1163.89,1,0
3237,7,6,8413.77,7,0
3238,5,5,3916.44,5,0
3239,6,4,4374.75,6,0
324,5,5,2711.14,5,0
3240,10,10,12357.57,9,1
3241,7,7,9518.2,7,0
3242,8,7,11452.82,8,0
3243,4,4,4005.26,4,0
3244,4,4,3578.91,4,0
3245,6,5,5577.43,6,0
3246,5,5,6186.950000000001,5,0
3247,8,8,7108.27,8,0
3248,4,4,3305.23,4,0
3249,8,8,12502.35,8,0
325,7,7,9377.09,7,0
3250,6,5,4950.37,6,0
3251,11,8,9947.98,11,0
3252,7,4,5910.41,7,0
3253,3,3,4743.31,3,0
3254,7,6,7980.87,7,0
3255,6,6,7050.41,6,0
3256,10,10,12399.539999999999,10,0
3257,3,3,5121.28,3,0
3258,8,8,11196.13,8,0
3259,2,2,1027.94,2,0
326,3,3,3419.08,3,0
3260,3,3,3833.56,3,0
3261,7,7,7410.33,7,0
3262,10,10,9899.64,10,0
3263,5,5,4721.62,5,0
3264,9,9,10978.33,9,0
3265,7,3,3458.83,7,0
3266,7,7,6947.21,7,0
3267,6,6,7867.97,6,0
3268,6,6,8610.78,6,0
3269,4,4,4857.44,4,0
327,5,5,6108.21,5,0
3270,5,4,7135.8099999999995,5,0
3271,5,5,4571.639999999999,5,0
3272,1,1,569.56,1,0
3273,7,6,10472.26,7,0
3274,5,5,3450.3,5,0
3275,4,4,2826.83,4,0
3276,5,5,6419.18,5,0
3277,5,5,5868.16,5,0
3278,5,5,5194.07,5,0
3279,1,1,1071.23,1,0
328,8,7,5739.53,8,0
3280,8,7,11763.69,8,0
3281,2,2,2044.08,2,0
3282,4,4,4534.85,4,0
3283,7,7,8875.03,7,0
3284,6,6,5886.76,6,0
3285,6,6,6515.55,5,1
3286,11,9,11050.25,10,1
3287,3,3,3694.7200000000003,3,0
3288,6,6,8748.24,6,0
3289,5,5,7683.389999999999,5,0
329,6,6,5425.24,6,0
3290,8,7,9719.34,8,0
3291,4,4,3946.9500000000003,4,0
3292,1,1,60.34,1,0
3293,5,4,4716.33,5,0
3294,4,4,6769.75,4,0
3295,8,8,10279.81,8,0
3296,11,11,8887.0,11,0
3297,6,5,4162.96,6,0
3298,5,5,6502.58,5,0
3299,5,5,4560.97,5,0
33,7,7,9384.23,6,1
330,6,5,8513.2,6,0
3300,7,7,9878.11,7,0
3301,5,5,4630.47,5,0
3302,5,5,3954.1099999999997,5,0
3303,5,5,4834.35,5,0
3304,10,10,11128.31,10,0
3305,2,2,306.78999999999996,2,0
3306,5,5,6945.6,5,0
3307,5,5,6066.91,5,0
3308,3,3,3436.83,3,0
3309,5,5,5485.79,5,0
331,7,7,8593.36,7,0
3310,5,5,5062.860000000001,5,0
3311,4,4,3921.49,4,0
3312,4,4,3943.69,4,0
3313,6,6,6335.93,6,0
3314,6,6,6475.13,6,0
3315,7,7,8032.110000000001,7,0
3316,2,2,2608.09,2,0
3317,4,4,3299.45,4,0
3318,4,4,5363.35,4,0
3319,7,7,7042.889999999999,7,0
332,2,2,1362.46,2,0
3320,10,7,10109.98,10,0
3321,3,3,2952.52,3,0
3322,4,4,4598.49,4,0
3323,5,5,6500.54,5,0
3324,7,5,10846.51,7,0
3325,5,4,5709.18,5,0
3326,13,7,14078.19,13,0
3327,8,8,6320.06,8,0
3328,4,4,3511.62,4,0
3329,4,4,3348.29,4,0
333,7,7,6422.91,7,0
3330,9,9,8960.72,9,0
3331,5,5,7702.42,5,0
3332,6,6,6577.57,6,0
3333,5,5,5296.389999999999,5,0
3334,8,8,5742.35,8,0
3335,7,6,5555.54,7,0
3336,6,5,9153.34,6,0
3337,8,8,8265.62,8,0
3338,4,4,2377.23,4,0
3339,6,6,4271.22,6,0
334,6,6,6125.9,6,0
3340,6,6,6462.47,6,0
3341,4,4,3646.81,4,0
3342,7,7,6736.7,7,0
3343,6,6,6667.84,6,0
3344,7,7,6236.96,7,0
3345,5,3,3926.35,5,0
3346,3,3,2794.14,3,0
3347,5,4,5387.86,5,0
3348,3,3,2749.69,3,0
3349,5,5,6639.07,5,0
335,2,2,2234.34,2,0
3350,6,5,9352.56,6,0
3351,6,6,7191.88,6,0
3352,7,7,5559.64,7,0
3353,7,7,5270.16,7,0
3354,2,2,3213.07,2,0
3355,6,6,5854.1,6,0
3356,5,5,6281.6900000000005,5,0
3357,4,4,3897.31,4,0
3358,7,7,7810.9,7,0
3359,5,5,3839.38,5,0
336,5,3,3711.9500000000003,5,0
3360,8,7,6162.1900000000005,8,0
3361,6,6,8548.95,6,0
3362,3,3,1983.8400000000001,3,0
3363,6,6,6443.93,6,0
3364,5,5,5647.75,5,0
3365,6,6,5971.06,6,0
3366,4,4,4591.95,4,0
3367,6,6,8647.67,6,0
3368,5,5,5971.18,5,0
3369,6,5,6850.6900000000005,6,0
337,6,6,5855.57,6,0
3370,7,7,7469.49,7,0
3371,9,9,8400.31,9,0
3372,6,5,7238.88,6,0
3373,5,5,6773.370000000001,5,0
3374,4,2,6246.4400000000005,4,0
3375,8,6,8710.18,8,0
3376,5,5,4239.54,5,0
3377,7,7,6701.91,7,0
3378,4,4,4651.77,4,0
3379,6,6,8165.43,6,0
338,7,7,8578.51,7,0
3380,5,5,6088.51,5,0
3381,5,5,7129.37,5,0
3382,10,9,10347.49,10,0
3383,6,6,7014.41,6,0
3384,6,5,7402.02,6,0
3385,4,4,3317.72,4,0
3386,5,4,4407.639999999999,5,0
3387,8,8,10309.67,8,0
3388,8,8,9307.45,8,0
3389,6,6,6107.86,6,0
339,5,5,6459.18,5,0
3390,5,5,6156.36,5,0
3391,5,5,3719.61,5,0
3392,1,1,574.64,1,0
3393,5,5,4896.49,5,0
3394,5,5,5926.59,5,0
3395,7,6,7852.11,7,0
3396,2,2,586.65,2,0
3397,2,2,2179.35,2,0
3398,5,4,4872.530000000001,5,0
3399,5,5,6052.6900000000005,5,0
34,9,9,13133.0,9,0
340,8,8,8079.91,8,0
3400,4,4,2797.13,4,0
3401,6,6,6768.02,6,0
3402,9,9,10700.79,9,0
3403,4,4,4516.0199999999995,4,0
3404,5,4,5162.17,4,1
3405,9,7,9157.710000000001,9,0
3406,10,9,12169.87,10,0
3407,8,7,8397.3,8,0
3408,5,5,4452.78,5,0
3409,7,6,7353.55,7,0
341,2,2,3532.9399999999996,2,0
3410,3,3,2965.8900000000003,3,0
3411,7,6,11320.22,7,0
3412,4,4,5786.89,4,0
3413,4,4,6325.24,4,0
3414,3,3,4674.02,3,0
3415,6,6,8084.960000000001,6,0
3416,3,3,2184.42,3,0
3417,8,8,8566.05,8,0
3418,5,5,4643.87,5,0
3419,3,3,4108.62,3,0
342,4,3,2455.7599999999998,4,0
3420,11,11,13885.45,11,0
3421,10,10,12000.2,10,0
3422,5,5,5634.98,5,0
3423,4,4,3061.5,4,0
3424,2,2,2940.52,2,0
3425,6,6,6287.46,6,0
3426,6,5,8405.57,6,0
3427,8,8,12523.17,8,0
3428,1,1,1274.93,1,0
3429,4,3,3323.9500000000003,4,0
343,9,9,10378.0,8,1
3430,7,7,5809.24,7,0
3431,10,10,12673.97,10,0
3432,8,8,9201.85,8,0
3433,10,10,10471.84,10,0
3434,5,5,5720.52,5,0
3435,5,5,6384.02,5,0
3436,7,7,8090.11,7,0
3437,5,5,6930.87,5,0
3438,5,5,5208.01,5,0
3439,6,5,5868.21,6,0
344,9,9,11386.87,9,0
3440,5,5,5026.7,5,0
3441,5,4,4864.98,5,0
3442,4,4,4629.6,4,0
3443,6,5,6729.01,6,0
3444,2,2,3281.0299999999997,2,0
3445,6,5,7992.1900000000005,6,0
3446,2,2,1028.53,2,0
3447,11,10,12339.37,11,0
3448,5,4,5257.04,5,0
3449,4,4,4223.1900000000005,4,0
345,7,6,7446.139999999999,7,0
3450,6,6,7360.77,6,0
3451,9,5,7139.17,9,0
3452,2,2,2808.6800000000003,2,0
3453,6,6,6294.04,6,0
3454,5,5,5561.38,5,0
3455,6,6,4674.13,6,0
3456,3,3,4206.89,3,0
3457,3,3,2726.46,3,0
3458,4,3,5141.16,4,0
3459,3,3,4164.04,3,0
346,9,8,8874.36,9,0
3460,9,8,12544.76,8,1
3461,7,6,8401.21,7,0
3462,5,5,5392.75,5,0
3463,4,4,3021.68,4,0
3464,2,2,1891.06,2,0
3465,10,9,10063.64,9,1
3466,3,3,2421.71,3,0
3467,6,6,8292.41,6,0
3468,7,7,7428.03,7,0
3469,4,4,3712.6400000000003,4,0
347,7,6,12360.26,7,0
3470,8,7,14126.25,8,0
3471,4,4,4637.4800000000005,4,0
3472,6,6,6900.7,6,0
3473,4,4,5487.64,4,0
3474,5,5,4654.08,5,0
3475,4,4,3785.92,4,0
3476,5,4,2254.2599999999998,5,0
3477,8,8,10212.17,8,0
3478,6,6,6445.49,6,0
3479,6,6,6015.17,6,0
348,6,6,5562.58,6,0
3480,4,4,4659.76,4,0
3481,7,4,4988.41,7,0
3482,8,8,11842.05,8,0
3483,6,6,8078.03,6,0
3484,7,7,10169.77,7,0
3485,3,3,3163.31,2,1
3486,4,4,4722.08,4,0
3487,3,3,3715.32,3,0
3488,2,2,2167.79,2,0
3489,6,6,8300.15,6,0
349,5,5,4619.93,5,0
3490,5,5,4739.7,5,0
3491,4,4,3151.67,4,0
3492,3,3,4141.43,3,0
3493,6,6,10053.82,6,0
3494,4,4,5122.71,4,0
3495,7,6,8626.65,7,0
3496,4,4,4725.38,4,0
3497,3,3,3744.0699999999997,3,0
3498,6,6,5177.0599999999995,6,0
3499,7,7,7673.4800000000005,7,0
35,4,4,4182.28,4,0
350,6,6,4728.13,6,0
3500,6,6,4922.41,6,0
351,2,2,2832.11,2,0
352,6,6,8533.27,6,0
353,11,10,13721.09,11,0
354,6,6,5392.11,6,0
355,5,5,4674.02,5,0
356,5,5,5765.9,5,0
357,8,7,8779.220000000001,8,0
358,2,2,2129.82,2,0
359,10,9,8564.63,10,0
36,2,2,1781.04,2,0
360,5,5,6069.39,5,0
361,7,7,6592.67,7,0
362,5,2,3486.48,5,0
363,6,3,11621.14,6,0
364,6,6,6791.39,6,0
365,7,7,8188.29,7,0
366,6,5,5867.110000000001,6,0
367,6,6,7014.01,6,0
368,9,6,9300.06,9,0
369,8,8,9536.35,8,0
37,9,8,11291.71,9,0
370,7,7,7633.95,7,0
371,5,5,6859.8,5,0
372,8,7,6870.42,8,0
373,1,1,1466.68,1,0
374,6,6,7756.64,6,0
375,4,4,3460.33,4,0
376,3,3,1981.8899999999999,3,0
377,13,13,11607.86,13,0
378,7,7,5827.91,7,0
379,2,2,2849.83,2,0
38,4,4,4502.59,4,0
380,8,7,10261.59,8,0
381,8,8,8019.8,8,0
382,7,6,6536.92,7,0
383,3,3,3922.8999999999996,3,0
384,5,5,5068.24,5,0
385,9,8,10758.23,9,0
386,5,5,5445.4400000000005,5,0
387,3,3,5303.1,3,0
388,3,3,2857.55,3,0
389,6,6,3948.4300000000003,6,0
39,12,12,11237.19,12,0
390,6,6,4490.52,5,1
391,4,4,3132.87,4,0
392,7,6,8157.6,7,0
393,2,2,2728.3599999999997,2,0
394,8,6,7818.74,8,0
395,7,6,7802.49,7,0
396,6,4,6560.6900000000005,6,0
397,6,6,4641.1,6,0
398,7,6,4446.48,7,0
399,6,6,7848.56,5,1
4,2,2,1047.72,2,0
40,6,6,6175.2699999999995,6,0
400,5,5,4266.01,5,0
401,7,7,7478.68,7,0
402,6,6,8148.22,6,0
403,6,6,6122.63,6,0
404,9,9,9330.26,9,0
405,6,6,7468.88,6,0
406,6,5,5892.509999999999,6,0
407,9,7,7837.83,9,0
408,5,5,5252.97,5,0
409,4,4,3610.11,4,0
41,9,9,9114.15,8,1
410,7,7,5472.9,7,0
411,5,5,5130.24,5,0
412,3,3,3041.12,3,0
413,5,5,5306.63,5,0
414,6,6,4770.45,6,0
415,2,2,3670.0,2,0
416,5,5,4670.05,4,1
417,8,8,9905.65,8,0
418,6,6,6298.139999999999,6,0
419,7,7,7917.43,7,0
42,4,4,1936.46,4,0
420,10,9,11080.54,10,0
421,6,6,7222.93,6,0
422,4,4,5465.0,4,0
423,5,5,5058.62,5,0
424,7,7,9036.62,6,1
425,7,6,10925.23,7,0
426,9,9,10506.86,9,0
427,4,4,4678.55,4,0
428,8,7,9009.45,8,0
429,8,7,8631.57,7,1
43,9,8,6574.59,9,0
430,6,5,7494.51,6,0
431,2,2,3232.46,2,0
432,8,8,9237.06,8,0
433,9,8,10236.83,8,1
434,2,2,1945.46,2,0
435,4,3,5669.1,4,0
436,3,3,3374.59,3,0
437,6,6,5595.76,6,0
438,8,8,12777.29,8,0
439,6,5,6584.91,6,0
44,7,7,7497.4,7,0
440,8,8,7773.05,8,0
441,3,3,2910.7200000000003,3,0
442,7,7,5714.68,7,0
443,7,6,7525.93,7,0
444,7,7,7147.11,7,0
445,11,11,14593.220000000001,11,0
446,8,7,10683.11,8,0
447,6,6,6502.92,6,0
448,5,4,6085.0599999999995,5,0
449,6,6,6240.950000000001,6,0
45,3,3,2912.33,3,0
450,4,4,5369.55,3,1
451,6,5,5925.52,6,0
452,5,5,3872.4300000000003,5,0
453,8,5,6220.21,8,0
454,7,7,9662.82,7,0
455,3,3,4076.17,3,0
456,5,5,6261.639999999999,5,0
457,5,5,6553.5199999999995,5,0
458,5,5,3615.63,5,0
459,5,5,6449.13,5,0
46,5,5,4923.139999999999,5,0
460,4,4,5012.97,4,0
461,8,8,10366.86,8,0
462,6,6,7830.79,6,0
463,7,7,7679.47,6,1
464,6,5,8289.86,6,0
465,6,6,4766.91,6,0
466,7,7,6597.52,7,0
467,7,7,9085.53,7,0
468,6,6,7264.86,6,0
469,10,7,7566.66,10,0
47,7,7,8022.01,7,0
470,7,7,7158.48,7,0
471,6,6,6243.62,6,0
472,5,5,5989.66,5,0
473,9,8,12033.62,9,0
474,2,2,2107.8199999999997,2,0
475,7,7,5131.25,7,0
476,4,4,4416.9,4,0
477,5,5,5899.43,5,0
478,9,9,8880.93,9,0
479,9,7,8781.24,9,0
48,8,8,9654.119999999999,8,0
480,2,2,3179.31,2,0
481,2,2,2156.44,2,0
482,10,10,11870.130000000001,10,0
483,7,7,8372.11,7,0
484,5,5,5694.35,4,1
485,6,6,5662.3099999999995,6,0
486,5,5,7323.58,5,0
487,2,2,1875.15,2,0
488,7,6,4859.099999999999,6,1
489,5,4,5450.6900000000005,5,0
49,5,5,7582.92,5,0
490,9,8,9886.75,9,0
491,7,5,6140.67,7,0
492,4,3,5248.15,4,0
493,3,3,607.78,3,0
494,3,3,2524.5299999999997,2,1
495,6,6,6120.139999999999,6,0
496,4,4,3612.19,4,0
497,4,4,2772.15,4,0
498,7,7,9834.95,7,0
499,11,10,8960.43,11,0
5,6,6,5903.2,6,0
50,8,8,9252.66,8,0
500,8,8,9381.92,8,0
501,4,3,3118.51,4,0
502,5,5,4852.31,5,0
503,4,4,3993.05,4,0
5034,3,1,1519.92,3,0
504,8,7,7145.67,8,0
505,5,5,6456.41,5,0
506,10,10,14208.25,10,0
507,8,8,9146.18,8,0
508,6,6,7648.2,6,0
509,6,6,6017.45,6,0
51,8,8,9667.460000000001,8,0
510,2,2,3333.38,2,0
511,5,4,4598.69,4,1
512,4,4,4233.95,4,0
513,5,5,5958.04,5,0
514,5,5,7401.06,5,0
515,9,8,12264.8,9,0
516,10,10,9021.7,10,0
517,6,6,5083.11,6,0
518,3,3,3288.99,3,0
519,4,4,4470.85,4,0
52,7,7,10106.57,7,0
520,5,5,2566.04,5,0
521,2,2,1849.5700000000002,2,0
522,4,4,3520.19,4,0
523,6,6,6485.21,6,0
524,7,7,6400.86,7,0
525,8,8,10372.68,8,0
526,3,3,2674.66,3,0
527,2,2,2476.84,2,0
528,7,6,7737.110000000001,6,1
529,6,6,6036.22,6,0
53,5,5,5472.74,5,0
530,3,3,2816.79,3,0
531,6,3,5691.58,6,0
532,6,6,7503.2699999999995,6,0
533,6,6,8210.1,6,0
534,8,8,8223.81,8,0
535,2,2,1679.29,2,0
536,4,3,4912.82,4,0
537,3,3,2906.29,3,0
538,7,6,8944.21,6,1
539,8,6,7188.39,8,0
54,7,7,9813.66,7,0
540,6,6,4419.63,6,0
541,5,5,6244.03,5,0
542,6,6,6399.45,6,0
543,5,5,4605.8,5,0
544,4,4,4228.66,4,0
545,6,5,8697.36,6,0
546,5,4,7164.9,5,0
547,6,6,5913.53,6,0
548,7,6,7497.25,7,0
549,8,7,7971.78,8,0
55,8,8,6754.21,8,0
550,5,4,4546.57,5,0
551,4,3,3722.38,4,0
552,4,3,2960.2700000000004,4,0
553,6,6,6913.18,6,0
554,3,3,2306.3799999999997,3,0
555,4,4,5261.73,4,0
556,5,5,6960.33,5,0
557,2,2,1834.45,2,0
558,7,7,6984.320000000001,7,0
559,4,4,4129.68,4,0
56,7,6,5060.86,7,0
560,6,6,7033.26,6,0
561,6,6,5776.22,6,0
562,5,5,3686.94,5,0
563,7,7,5492.75,7,0
564,6,6,7415.54,6,0
565,10,9,12454.34,10,0
566,3,3,2893.23,3,0
567,4,4,1621.62,4,0
568,7,7,5025.95,7,0
569,4,3,7560.33,4,0
57,6,6,8748.75,6,0
570,6,6,6987.99,6,0
571,3,3,3718.5299999999997,3,0
572,6,5,5372.65,6,0
573,2,2,2449.81,2,0
574,4,4,4757.79,4,0
575,2,2,1998.31,2,0
576,6,6,9475.42,6,0
577,11,11,10515.0,11,0
578,7,6,6301.1,7,0
579,9,9,10450.34,9,0
58,8,8,6967.3099999999995,8,0
580,5,5,4456.28,5,0
581,4,4,5597.1900000000005,4,0
582,4,4,4163.0599999999995,4,0
583,4,4,4129.98,4,0
584,4,4,3399.5199999999995,4,0
585,7,7,8197.14,7,0
586,4,4,5603.92,4,0
587,7,7,8623.87,7,0
588,5,5,6053.33,5,0
589,3,3,3259.93,3,0
59,3,2,2797.47,3,0
590,12,12,14475.62,12,0
591,2,2,1083.8,2,0
592,4,4,3192.94,4,0
593,6,6,5682.77,6,0
594,9,8,11996.12,9,0
595,3,3,3268.42,3,0
596,3,3,4864.71,3,0
597,5,5,4299.400000000001,5,0
598,7,6,5976.1900000000005,7,0
599,5,5,7250.75,5,0
6,5,4,5931.6900000000005,5,0
60,2,2,1526.9,2,0
600,3,3,3893.54,3,0
601,5,5,5216.139999999999,5,0
602,5,5,5591.28,5,0
603,7,7,8284.07,7,0
604,6,6,8162.76,6,0
605,8,8,9180.130000000001,8,0
606,6,6,6229.09,6,0
607,10,9,12940.99,9,1
608,8,7,9260.29,8,0
609,4,4,3937.44,4,0
61,7,6,8397.28,7,0
610,9,9,8135.95,9,0
611,8,7,10622.380000000001,8,0
612,5,5,5581.03,4,1
613,6,6,5898.85,6,0
614,9,9,8557.0,9,0
615,4,4,6230.81,4,0
616,4,4,5439.8099999999995,4,0
617,4,4,3343.8599999999997,4,0
618,2,2,2207.71,2,0
619,7,7,7042.71,7,0
62,6,5,5845.950000000001,6,0
620,8,8,5422.25,8,0
621,9,6,11872.470000000001,9,0
622,3,2,4498.0,3,0
623,3,3,5060.18,3,0
624,3,3,5079.93,3,0
625,6,6,5688.67,6,0
626,9,9,8102.299999999999,9,0
627,5,5,6786.53,5,0
628,5,5,5519.54,5,0
629,8,6,6490.53,8,0
63,3,3,4156.66,3,0
630,7,7,9406.55,7,0
631,6,6,3211.98,6,0
632,3,3,3911.85,3,0
633,7,6,7054.02,7,0
634,8,7,7951.04,8,0
635,6,6,3988.82,6,0
636,7,7,7808.71,7,0
637,13,10,13899.73,13,0
638,8,7,10198.93,8,0
639,6,6,5831.55,6,0
64,5,4,4111.12,5,0
640,8,8,11141.29,8,0
641,4,4,3853.34,4,0
642,7,7,5304.37,7,0
643,4,4,5034.78,4,0
644,3,2,1808.74,3,0
645,7,7,9008.59,7,0
646,4,4,4809.5199999999995,4,0
647,9,9,10703.609999999999,9,0
648,7,6,8410.93,7,0
649,5,4,1718.19,5,0
65,6,6,8056.469999999999,6,0
650,6,6,7082.77,6,0
651,3,3,5028.17,3,0
652,9,9,10240.87,9,0
653,5,5,4502.58,5,0
654,4,4,4666.55,4,0
655,6,5,8876.49,6,0
656,8,7,8438.35,8,0
657,6,6,6640.48,5,1
658,5,5,5305.31,5,0
659,3,3,5140.610000000001,3,0
66,5,5,6489.33,4,1
660,4,4,5360.139999999999,4,0
661,6,5,5564.07,6,0
662,7,7,6635.87,7,0
663,4,4,5447.21,4,0
664,5,5,3998.82,5,0
665,8,8,9143.6,8,0
666,5,5,5173.84,5,0
667,5,5,5826.33,5,0
668,7,7,7399.77,7,0
669,11,11,12187.939999999999,11,0
67,5,5,5304.15,5,0
670,4,4,4078.4,4,0
671,6,6,7450.68,6,0
672,3,3,4786.22,3,0
673,5,5,3435.2200000000003,5,0
674,6,6,6404.85,6,0
675,3,3,4204.51,3,0
676,6,4,6739.82,6,0
677,5,5,3703.87,5,0
678,4,3,3152.34,4,0
679,10,8,8300.07,10,0
68,3,2,5127.98,3,0
680,4,4,5597.05,4,0
681,6,6,5888.74,6,0
682,7,7,8280.35,7,0
683,5,5,5616.71,5,0
684,8,8,6011.92,8,0
685,6,6,9271.630000000001,6,0
686,5,5,4622.87,5,0
687,6,3,2828.68,6,0
688,4,4,5647.04,4,0
689,3,3,3614.25,3,0
69,6,6,8395.75,6,0
690,6,6,6516.74,6,0
691,8,7,9841.22,8,0
692,9,8,8189.47,9,0
693,5,5,6667.92,5,0
694,5,5,4359.78,5,0
695,8,8,10407.64,8,0
696,7,7,4822.78,7,0
697,4,4,5888.76,4,0
698,3,3,3362.66,3,0
699,3,3,2655.81,3,0
7,3,3,995.38,3,0
70,5,5,4801.11,5,0
700,8,8,7960.03,8,0
701,6,6,6285.29,6,0
702,3,3,3825.6600000000003,3,0
703,5,5,7301.150000000001,5,0
704,10,10,10881.81,10,0
705,5,3,3745.1800000000003,5,0
706,6,4,10040.5,6,0
707,6,4,7563.61,6,0
708,3,3,3149.0299999999997,3,0
709,5,4,5948.8099999999995,5,0
71,1,1,1415.01,1,0
710,7,7,9823.81,7,0
711,4,4,3784.83,4,0
712,8,7,9223.66,8,0
713,4,4,4564.42,4,0
714,11,7,10441.09,10,1
715,3,3,4278.66,3,0
716,6,6,6680.78,6,0
717,6,6,4696.91,6,0
718,8,8,6777.43,8,0
719,9,9,12020.0,8,1
72,5,5,4360.42,5,0
720,10,9,13004.35,10,0
721,7,6,8883.609999999999,7,0
722,5,5,6548.61,5,0
723,8,8,7012.59,8,0
724,8,8,9812.699999999999,8,0
725,11,10,13048.82,11,0
726,3,3,5134.71,3,0
727,6,6,8768.09,6,0
728,9,8,10919.45,9,0
729,10,8,15826.0,10,0
73,6,6,5265.87,6,0
730,7,7,6529.49,7,0
731,6,6,6259.200000000001,6,0
732,5,5,6099.150000000001,5,0
733,10,10,14532.51,10,0
734,3,3,3346.12,3,0
735,4,4,6814.03,4,0
736,6,4,5999.719999999999,6,0
737,7,6,7386.14,7,0
738,8,8,8764.37,8,0
739,10,9,9430.63,10,0
74,3,3,2985.64,3,0
740,4,4,6155.53,4,0
741,5,5,3482.3,5,0
742,6,6,6918.96,6,0
743,5,4,6065.4400000000005,5,0
744,5,5,4149.55,5,0
745,4,4,2697.98,4,0
746,6,6,4853.96,6,0
747,2,2,1801.98,2,0
748,9,8,8538.05,9,0
749,9,9,7591.94,9,0
75,8,7,7130.63,8,0
750,6,6,7506.73,6,0
751,2,2,386.48,2,0
752,8,8,8004.32,8,0
753,8,8,11935.380000000001,8,0
754,2,2,814.03,2,0
755,3,3,2071.7799999999997,3,0
756,6,6,3859.17,6,0
757,5,5,3967.6,5,0
758,2,1,651.02,2,0
759,9,9,8217.14,9,0
76,8,6,7425.04,8,0
760,9,8,8569.289999999999,9,0
761,5,5,6483.68,5,0
762,5,5,3989.6800000000003,5,0
763,6,6,6989.88,6,0
764,4,4,4122.42,4,0
765,10,9,8794.98,10,0
766,6,6,4962.24,6,0
767,5,5,6197.59,5,0
768,9,9,9425.52,9,0
769,8,8,9694.79,8,0
77,3,3,2964.73,3,0
770,6,6,6789.790000000001,6,0
771,6,6,5901.7,6,0
772,6,6,8421.58,5,1
773,8,8,10334.68,8,0
774,1,1,1311.44,1,0
775,7,6,6985.21,7,0
776,9,7,9151.17,9,0
777,6,5,5113.99,6,0
778,5,5,6292.889999999999,5,0
779,5,4,4372.34,5,0
78,2,1,1139.12,2,0
780,3,3,3499.7200000000003,3,0
781,5,5,3763.4600000000005,5,0
782,6,6,10216.48,5,1
783,5,4,6170.6,5,0
784,2,2,760.18,2,0
785,6,6,4304.54,5,1
786,7,7,7114.27,7,0
787,10,9,11292.54,10,0
788,7,7,8089.72,7,0
789,8,7,4497.3,8,0
79,6,6,6761.43,6,0
790,8,8,9306.61,8,0
791,6,6,6605.22,6,0
792,6,6,6907.9,6,0
793,10,8,12116.11,10,0
794,7,6,7832.74,7,0
795,5,5,5980.89,5,0
796,7,6,6097.05,7,0
797,4,4,4668.49,4,0
798,3,3,4285.05,3,0
799,11,10,14399.89,11,0
8,10,8,12024.759999999998,10,0
80,10,10,12564.82,10,0
800,6,6,6283.9,6,0
801,2,2,1074.8,2,0
802,6,6,7508.74,6,0
803,6,3,3818.25,6,0
804,3,3,3480.5,3,0
805,6,6,6966.17,6,0
806,4,4,4854.46,4,0
807,4,4,4367.13,4,0
808,3,3,3676.8199999999997,3,0
809,4,3,3653.47,4,0
81,4,4,4421.7,4,0
810,4,4,4539.42,4,0
811,4,4,2483.69,4,0
812,3,3,2694.8900000000003,3,0
813,5,5,4386.05,5,0
814,3,3,4661.23,3,0
815,6,6,7646.77,6,0
816,4,4,2934.97,4,0
817,5,5,5340.0,5,0
818,6,6,6141.46,6,0
819,5,5,5033.21,5,0
82,5,5,5293.91,5,0
820,10,8,8742.57,10,0
821,5,5,4826.39,5,0
822,1,1,2005.66,1,0
823,6,6,9755.81,6,0
824,4,4,6017.27,4,0
825,8,8,6046.6900000000005,8,0
826,4,4,4829.57,4,0
827,8,8,9051.45,8,0
828,5,4,3777.5299999999997,5,0
829,6,6,9236.19,6,0
83,6,6,4464.65,6,0
830,6,6,6106.9400000000005,6,0
831,5,5,4245.84,5,0
832,12,12,13562.13,12,0
833,8,7,8852.31,8,0
834,4,4,3595.5299999999997,4,0
835,8,8,8541.23,8,0
836,4,4,3562.2,4,0
837,3,3,3406.25,3,0
838,4,3,3724.8199999999997,4,0
839,4,4,2550.73,4,0
84,7,6,5464.650000000001,7,0
840,6,6,8144.96,6,0
841,7,6,10936.2,7,0
842,4,4,3639.46,4,0
843,6,5,4090.19,6,0
844,9,7,12523.55,9,0
845,4,4,3639.43,3,1
846,3,3,4385.62,3,0
847,5,5,5363.83,5,0
848,4,4,4711.04,4,0
849,6,6,6086.66,6,0
85,6,6,3158.6299999999997,6,0
850,8,8,7476.79,8,0
851,4,4,5347.0,4,0
853,9,8,12711.369999999999,9,0
854,4,4,3992.51,4,0
855,4,4,7241.66,4,0
856,7,7,6845.04,7,0
857,5,5,6692.93,5,0
858,6,5,5654.55,6,0
859,6,6,6979.780000000001,6,0
86,9,5,7319.35,9,0
860,4,4,7381.19,4,0
861,5,5,5226.41,5,0
862,1,1,774.53,1,0
863,4,4,2288.23,4,0
864,6,6,8911.39,6,0
865,7,7,7192.900000000001,7,0
866,5,5,7599.92,5,0
867,6,6,7947.42,6,0
868,6,6,7529.639999999999,6,0
87,9,9,7994.73,9,0
870,8,7,6364.29,8,0
871,8,8,8700.560000000001,8,0
872,1,1,290.62,1,0
873,5,5,4426.2,5,0
874,8,8,8569.99,8,0
875,6,5,6933.69,6,0
876,3,3,2732.4700000000003,3,0
877,9,9,9182.89,9,0
878,3,3,4531.79,3,0
879,4,4,3356.34,4,0
88,6,5,5550.83,6,0
880,3,3,4774.51,3,0
881,3,3,5353.86,3,0
882,5,5,6628.360000000001,5,0
883,4,4,2114.02,4,0
884,6,5,10922.09,6,0
885,3,3,3628.9399999999996,3,0
886,7,7,9025.03,7,0
887,8,6,10938.66,8,0
888,5,4,5750.62,5,0
889,5,5,4366.950000000001,5,0
89,9,8,12741.44,9,0
890,4,4,4485.6,4,0
891,5,5,6442.05,4,1
892,10,9,9618.64,10,0
893,7,7,9202.85,7,0
894,8,6,7512.48,8,0
895,3,3,2714.21,3,0
896,4,4,4448.32,4,0
897,8,8,9629.18,8,0
898,1,1,478.16,1,0
899,6,4,4240.0599999999995,6,0
9,6,6,5357.549999999999,6,0
90,7,7,7703.58,7,0
900,4,4,2446.44,4,0
901,4,4,6948.22,4,0
902,9,9,9408.53,9,0
903,9,8,10102.58,9,0
904,4,4,5063.82,4,0
905,8,8,6801.49,8,0
906,9,9,12920.289999999999,9,0
907,7,3,3448.87,7,0
908,7,7,4679.15,7,0
909,5,5,8560.51,5,0
91,8,8,8066.4400000000005,8,0
910,2,2,1932.55,2,0
911,5,5,3792.6,5,0
912,7,7,7206.52,7,0
913,5,5,5573.5,5,0
914,5,5,5533.82,5,0
915,5,5,4802.6,4,1
916,5,5,5850.91,5,0
917,8,7,7452.88,8,0
918,6,5,6040.75,6,0
919,9,9,10701.04,9,0
92,3,3,5098.43,3,0
920,6,6,6259.75,6,0
921,8,8,11852.14,8,0
922,2,2,1768.82,2,0
923,7,4,6019.1900000000005,7,0
924,9,9,8254.23,9,0
925,10,9,10850.689999999999,10,0
926,6,6,5627.58,5,1
927,3,3,3712.1099999999997,3,0
928,8,6,6370.69,8,0
929,5,5,4985.79,5,0
93,3,3,5276.129999999999,3,0
930,3,3,3196.47,2,1
931,5,5,6046.89,5,0
932,6,6,4854.48,6,0
933,5,5,7598.65,5,0
934,8,7,9379.6,8,0
935,7,6,8652.22,7,0
936,12,11,17160.24,12,0
937,5,5,4550.33,5,0
938,9,9,7675.22,8,1
939,4,4,5121.02,4,0
94,7,7,8305.77,7,0
940,5,5,6172.42,5,0
941,10,8,17898.46,10,0
942,4,4,4111.12,4,0
943,7,7,9442.1,7,0
944,8,7,4915.05,8,0
945,7,6,9247.25,7,0
946,8,8,10866.75,8,0
947,6,6,6685.68,6,0
948,3,3,3541.6,3,0
949,6,6,6945.2699999999995,6,0
95,4,4,5049.799999999999,4,0
950,7,6,8329.7,7,0
951,6,6,4934.83,6,0
952,5,5,6239.17,5,0
953,9,9,10996.0,9,0
954,4,4,5686.3099999999995,4,0
955,7,6,3915.94,7,0
956,3,3,3675.74,3,0
957,5,5,4868.3,5,0
958,6,5,5470.129999999999,6,0
959,6,6,5701.85,6,0
96,4,4,3874.84,4,0
960,4,4,5971.35,4,0
961,4,4,4158.360000000001,4,0
962,7,5,5930.2699999999995,7,0
963,12,10,12068.12,12,0
964,5,4,4224.59,5,0
965,4,4,5232.65,4,0
966,4,2,1885.61,4,0
967,4,4,5974.77,4,0
968,8,7,10289.75,8,0
969,5,4,6968.38,5,0
97,8,7,8895.95,8,0
970,5,5,6237.67,5,0
971,5,5,5862.57,5,0
972,2,2,3318.8099999999995,2,0
973,8,8,12724.26,8,0
974,6,6,6929.71,6,0
975,9,9,9499.82,9,0
976,6,6,6710.5599999999995,6,0
977,5,4,5149.34,5,0
978,5,5,4373.97,5,0
979,5,5,7486.82,5,0
98,5,5,6180.05,5,0
980,5,5,6299.04,5,0
981,7,7,9042.05,7,0
982,6,3,2794.7500000000005,6,0
983,8,8,9637.26,8,0
984,8,8,6208.719999999999,8,0
985,4,4,5554.1900000000005,4,0
986,8,8,8673.32,8,0
987,8,8,8979.65,8,0
988,2,1,769.14,2,0
989,6,6,6782.12,6,0
99,9,9,8279.06,9,0
990,7,7,8441.6,7,0
991,6,6,7774.3,6,0
992,2,2,2986.45,2,0
993,9,7,8086.79,9,0
994,5,5,3901.01,5,0
995,7,7,9379.039999999999,7,0
996,6,5,7713.16,6,0
997,7,7,6397.73,7,0
998,2,2,1565.5500000000002,2,0
999,10,9,14662.14,10,0
